label,name,level,index,genus,rank,simple,pointless,has_obstruction,obstructions,reason,mayle_rouse_points
10.30.2.a.1,,10,30,2,0,False,False,-1,[],mayle_rouse_allpoints,"{*P1![1728,1]^^3,P1![1,0]^^3*}"
10.30.2.b.1,,10,30,2,0,False,False,-1,[],mayle_rouse_allpoints,"{*P1![1728,1]^^1,P1![1,0]^^1*}"
10.30.2.c.1,,10,30,2,0,False,False,-1,[],mayle_rouse_allpoints,"{*P1![1728,1]^^1,P1![1,0]^^1*}"
10.30.2.d.1,,10,30,2,0,False,False,-1,[],mayle_rouse_allpoints,"{*P1![1728,1]^^1,P1![1,0]^^1*}"
10.60.2.d.1,,10,60,2,0,False,,0,[],mayle_rouse_allpoints,{**}
10.60.2.e.1,,10,60,2,0,False,False,-1,[],mayle_rouse_allpoints,"{*P1![0,1]^^2,P1![-3375,1]^^2*}"
10.60.2.f.1,,10,60,2,0,False,False,-1,[],mayle_rouse_allpoints,"{*P1![0,1]^^2*}"
10.90.2.a.1,,10,90,2,0,False,False,-1,[],mayle_rouse_allpoints,"{*P1![1,0]^^4*}"
10.90.2.b.1,,10,90,2,0,False,,0,[],mayle_rouse_allpoints,{**}
12.24.2.b.1,,12,24,2,0,False,False,-1,[],mayle_rouse_allpoints,"{*P1![1,0]^^2*}"
12.24.2.c.1,,12,24,2,0,False,False,-1,[],mayle_rouse_allpoints,"{*P1![0,1]^^2*}"
12.36.2.a.1,,12,36,2,0,False,False,-1,[],mayle_rouse_allpoints,"{*P1![1728,1]^^2,P1![1,0]^^2*}"
12.36.2.b.1,,12,36,2,0,False,False,-1,[],mayle_rouse_allpoints,"{*P1![1,0]^^4*}"
12.36.2.ba.1,,12,36,2,0,False,False,-1,[],mayle_rouse_allpoints,"{*P1![1,0]^^2*}"
12.36.2.bb.1,,12,36,2,0,False,False,-1,[],mayle_rouse_allpoints,"{*P1![1728,1]^^2,P1![1,0]^^2*}"
12.36.2.bd.1,,12,36,2,0,False,False,-1,[],mayle_rouse_allpoints,"{*P1![1728,1]^^2,P1![1,0]^^2*}"
12.36.2.be.1,,12,36,2,0,False,False,-1,[],mayle_rouse_allpoints,"{*P1![1,0]^^2*}"
12.36.2.bf.1,,12,36,2,0,False,False,-1,[],mayle_rouse_allpoints,"{*P1![1728,1]^^2*}"
12.36.2.bg.1,,12,36,2,0,False,False,-1,[],mayle_rouse_allpoints,"{*P1![1,0]^^2*}"
12.36.2.bh.1,,12,36,2,0,False,False,-1,[],mayle_rouse_allpoints,"{*P1![1728,1]^^2*}"
12.36.2.bj.1,,12,36,2,0,False,False,-1,[],mayle_rouse_allpoints,"{*P1![1728,1]^^2,P1![1,0]^^2*}"
12.36.2.bk.1,,12,36,2,0,False,False,-1,[],mayle_rouse_allpoints,"{*P1![1,0]^^4*}"
12.36.2.bl.1,,12,36,2,0,False,False,-1,[],mayle_rouse_allpoints,"{*P1![1,0]^^4*}"
12.36.2.bn.1,,12,36,2,0,False,,0,[],mayle_rouse_allpoints,{**}
12.36.2.bo.1,,12,36,2,0,False,,0,[],mayle_rouse_allpoints,{**}
12.36.2.bp.1,,12,36,2,0,False,,0,[],mayle_rouse_allpoints,{**}
12.36.2.bq.1,,12,36,2,0,False,,0,[],mayle_rouse_allpoints,{**}
12.36.2.br.1,,12,36,2,0,False,,0,[],mayle_rouse_allpoints,{**}
12.36.2.bs.1,,12,36,2,0,False,,0,[],mayle_rouse_allpoints,{**}
12.36.2.bw.1,,12,36,2,0,False,False,-1,[],mayle_rouse_allpoints,"{*P1![1728,1]^^2*}"
12.36.2.bx.1,,12,36,2,0,False,False,-1,[],mayle_rouse_allpoints,"{*P1![1728,1]^^2*}"
12.36.2.c.1,,12,36,2,0,False,False,-1,[],mayle_rouse_allpoints,"{*P1![1,0]^^2*}"
12.36.2.d.1,,12,36,2,0,False,False,-1,[],mayle_rouse_allpoints,"{*P1![1,0]^^2*}"
12.36.2.e.1,,12,36,2,0,False,False,-1,[],mayle_rouse_allpoints,"{*P1![1,0]^^4*}"
12.36.2.f.1,,12,36,2,0,False,False,-1,[],mayle_rouse_allpoints,"{*P1![1,0]^^2*}"
12.36.2.g.1,,12,36,2,0,False,False,-1,[],mayle_rouse_allpoints,"{*P1![1728,1]^^2,P1![1,0]^^2*}"
12.36.2.h.1,,12,36,2,0,False,False,-1,[],mayle_rouse_allpoints,"{*P1![1,0]^^2*}"
12.36.2.l.1,,12,36,2,0,False,False,-1,[],mayle_rouse_allpoints,"{*P1![1,0]^^2*}"
12.36.2.n.1,,12,36,2,0,False,False,-1,[],mayle_rouse_allpoints,"{*P1![1728,1]^^2*}"
12.36.2.p.1,,12,36,2,0,False,False,-1,[],mayle_rouse_allpoints,"{*P1![1728,1]^^2,P1![1,0]^^2*}"
12.36.2.s.1,,12,36,2,0,False,False,-1,[],mayle_rouse_allpoints,"{*P1![1,0]^^2*}"
12.36.2.t.1,,12,36,2,0,False,False,-1,[],mayle_rouse_allpoints,"{*P1![1,0]^^2*}"
12.36.2.v.1,,12,36,2,0,False,False,-1,[],mayle_rouse_allpoints,"{*P1![1,0]^^2*}"
12.36.2.w.1,,12,36,2,0,False,False,-1,[],mayle_rouse_allpoints,"{*P1![1,0]^^2*}"
12.36.2.x.1,,12,36,2,0,False,False,-1,[],mayle_rouse_allpoints,"{*P1![1,0]^^4*}"
12.36.2.y.1,,12,36,2,0,False,False,-1,[],mayle_rouse_allpoints,"{*P1![1728,1]^^2*}"
12.48.2.c.1,,12,48,2,0,False,False,-1,[],mayle_rouse_allpoints,"{*P1![1,0]^^2,P1![0,1]^^2*}"
12.48.2.d.1,,12,48,2,0,False,False,-1,[],mayle_rouse_allpoints,"{*P1![1,0]^^6*}"
12.48.2.e.1,,12,48,2,0,False,False,-1,[],mayle_rouse_allpoints,"{*P1![1,0]^^2,P1![0,1]^^2*}"
12.48.2.f.1,,12,48,2,0,False,False,-1,[],mayle_rouse_allpoints,"{*P1![1,0]^^2*}"
12.72.2.a.1,,12,72,2,0,False,False,-1,[],mayle_rouse_allpoints,"{*P1![1,0]^^2*}"
12.72.2.b.1,,12,72,2,0,False,,0,[],mayle_rouse_allpoints,{**}
12.72.2.c.1,,12,72,2,0,False,False,-1,[],mayle_rouse_allpoints,"{*P1![1,0]^^2*}"
12.72.2.d.1,,12,72,2,0,False,False,-1,[],mayle_rouse_allpoints,"{*P1![1,0]^^2*}"
12.72.2.e.1,,12,72,2,0,False,False,-1,[],mayle_rouse_allpoints,"{*P1![1,0]^^2*}"
12.72.2.f.1,,12,72,2,0,False,False,-1,[],mayle_rouse_allpoints,"{*P1![1,0]^^2*}"
12.72.2.h.1,,12,72,2,0,False,False,-1,[],mayle_rouse_allpoints,"{*P1![1,0]^^4*}"
12.72.2.i.1,,12,72,2,0,False,,0,[],mayle_rouse_allpoints,{**}
12.72.2.l.1,,12,72,2,0,False,,0,[],mayle_rouse_allpoints,{**}
12.72.2.m.1,,12,72,2,0,False,,0,[],mayle_rouse_allpoints,{**}
12.72.2.o.1,,12,72,2,0,False,,0,[],mayle_rouse_allpoints,{**}
12.72.2.p.1,,12,72,2,0,False,False,-1,[],mayle_rouse_allpoints,"{*P1![-3375,1]^^4*}"
12.72.2.q.1,,12,72,2,0,False,,0,[],mayle_rouse_allpoints,{**}
12.72.2.r.1,,12,72,2,0,False,,0,[],mayle_rouse_allpoints,{**}
14.48.2.a.1,,14,48,2,0,False,False,-1,[],mayle_rouse_allpoints,"{*P1![1,0]^^6*}"
14.48.2.f.1,,14,48,2,0,False,False,-1,[],mayle_rouse_allpoints,"{*P1![1,0]^^2,P1![-3375,1]^^2*}"
15.40.2.a.1,,15,40,2,0,False,False,-1,[],mayle_rouse_allpoints,"{*P1![54000,1]^^1,P1![0,1]^^3,P1![-12288000,1]^^1*}"
16.24.2.c.1,,16,24,2,0,False,False,-1,[],mayle_rouse_allpoints,"{*P1![1,0]^^2*}"
16.24.2.d.1,,16,24,2,0,False,False,-1,[],mayle_rouse_allpoints,"{*P1![1,0]^^2*}"
16.24.2.e.1,,16,24,2,0,False,False,-1,[],mayle_rouse_allpoints,"{*P1![8000,1]^^2,P1![1,0]^^2*}"
16.48.2.bb.1,,16,48,2,0,False,False,-1,[],mayle_rouse_allpoints,"{*P1![1,0]^^2*}"
16.48.2.bd.1,,16,48,2,0,False,,0,[],mayle_rouse_allpoints,{**}
16.48.2.bh.1,,16,48,2,0,False,False,-1,[],mayle_rouse_allpoints,"{*P1![1728,1]^^2*}"
16.48.2.bl.1,,16,48,2,0,False,False,-1,[],mayle_rouse_allpoints,"{*P1![1728,1]^^2*}"
16.48.2.bn.1,,16,48,2,0,False,,0,[],mayle_rouse_allpoints,{**}
16.48.2.bw.1,,16,48,2,0,False,False,-1,[],mayle_rouse_allpoints,"{*P1![1728,1]^^2*}"
16.48.2.r.1,,16,48,2,0,False,False,-1,[],mayle_rouse_allpoints,"{*P1![1,0]^^2*}"
16.48.2.s.1,,16,48,2,0,False,False,-1,[],mayle_rouse_allpoints,"{*P1![1728,1]^^2*}"
16.48.2.t.1,,16,48,2,0,False,False,-1,[],mayle_rouse_allpoints,"{*P1![1,0]^^2*}"
16.48.2.u.1,,16,48,2,0,False,,0,[],mayle_rouse_allpoints,{**}
16.48.2.w.1,,16,48,2,0,False,False,-1,[],mayle_rouse_allpoints,"{*P1![1728,1]^^2*}"
16.48.2.x.1,,16,48,2,0,False,,0,[],mayle_rouse_allpoints,{**}
16.48.2.z.1,,16,48,2,0,False,False,-1,[],mayle_rouse_allpoints,"{*P1![1,0]^^2*}"
18.108.2.b.1,,18,108,2,0,False,False,-1,[],mayle_rouse_allpoints,"{*P1![1,0]^^4*}"
18.108.2.c.1,,18,108,2,0,False,,0,[],mayle_rouse_allpoints,{**}
18.108.2.e.1,,18,108,2,0,False,,0,[],mayle_rouse_allpoints,{**}
18.18.2.a.1,,18,18,2,0,False,False,-1,[],mayle_rouse_allpoints,"{*P1![1,0]^^1*}"
18.18.2.b.1,,18,18,2,0,False,False,-1,[],mayle_rouse_allpoints,"{*P1![1,0]^^1*}"
18.24.2.a.1,,18,24,2,0,False,False,-1,[],mayle_rouse_allpoints,"{*P1![1,0]^^2*}"
18.24.2.b.1,,18,24,2,0,False,False,-1,[],mayle_rouse_allpoints,"{*P1![1,0]^^2,P1![0,1]^^2*}"
18.24.2.c.1,,18,24,2,0,False,False,-1,[],mayle_rouse_allpoints,"{*P1![1,0]^^2,P1![0,1]^^2*}"
18.36.2.a.1,,18,36,2,0,False,False,-1,[],mayle_rouse_allpoints,"{*P1![1,0]^^1*}"
18.36.2.c.1,,18,36,2,0,False,False,-1,[],mayle_rouse_allpoints,"{*P1![1,0]^^4*}"
18.36.2.d.1,,18,36,2,0,False,False,-1,[],mayle_rouse_allpoints,"{*P1![54000,1]^^1,P1![1,0]^^4,P1![0,1]^^1*}"
18.54.2.a.1,,18,54,2,0,False,,0,[],mayle_rouse_allpoints,{**}
18.72.2.a.1,,18,72,2,0,False,,0,[],mayle_rouse_allpoints,{**}
20.30.2.a.1,,20,30,2,0,False,False,-1,[],mayle_rouse_allpoints,"{*P1![1728,1]^^1,P1![1,0]^^1*}"
20.30.2.b.1,,20,30,2,0,False,False,-1,[],mayle_rouse_allpoints,"{*P1![1728,1]^^1,P1![1,0]^^1*}"
20.30.2.c.1,,20,30,2,0,False,False,-1,[],mayle_rouse_allpoints,"{*P1![1728,1]^^1,P1![287496,1]^^2,P1![1,0]^^3*}"
20.30.2.d.1,,20,30,2,0,False,False,-1,[],mayle_rouse_allpoints,"{*P1![1728,1]^^1,P1![1,0]^^1*}"
20.30.2.g.1,,20,30,2,0,False,False,-1,[],mayle_rouse_allpoints,"{*P1![1728,1]^^1,P1![1,0]^^1*}"
20.30.2.h.1,,20,30,2,0,False,False,-1,[],mayle_rouse_allpoints,"{*P1![1728,1]^^1,P1![1,0]^^1*}"
20.30.2.i.1,,20,30,2,0,False,False,-1,[],mayle_rouse_allpoints,"{*P1![1,0]^^2*}"
20.30.2.j.1,,20,30,2,0,False,False,-1,[],mayle_rouse_allpoints,"{*P1![1,0]^^2*}"
20.30.2.k.1,,20,30,2,0,False,False,-1,[],mayle_rouse_allpoints,"{*P1![1,0]^^2*}"
20.60.2.b.1,,20,60,2,0,False,,0,[],mayle_rouse_allpoints,{**}
20.60.2.d.1,,20,60,2,0,False,,0,[],mayle_rouse_allpoints,{**}
20.60.2.e.1,,20,60,2,0,False,,0,[],mayle_rouse_allpoints,{**}
20.60.2.f.1,,20,60,2,0,False,,0,[],mayle_rouse_allpoints,{**}
20.60.2.g.1,,20,60,2,0,False,False,-1,[],mayle_rouse_allpoints,"{*P1![16581375,1]^^2,P1![54000,1]^^2*}"
20.60.2.j.1,,20,60,2,0,False,,0,[],mayle_rouse_allpoints,{**}
20.90.2.b.1,,20,90,2,0,False,,0,[],mayle_rouse_allpoints,{**}
22.24.2.a.1,,22,24,2,0,False,False,-1,[],mayle_rouse_allpoints,"{*P1![1,0]^^2*}"
24.36.2.b.1,,24,36,2,0,False,False,-1,[],mayle_rouse_allpoints,"{*P1![1,0]^^2*}"
24.36.2.be.1,,24,36,2,0,False,,0,[],mayle_rouse_allpoints,{**}
24.36.2.bk.1,,24,36,2,0,False,,0,[],mayle_rouse_allpoints,{**}
24.36.2.cc.1,,24,36,2,0,False,False,-1,[],mayle_rouse_allpoints,"{*P1![1,0]^^2*}"
24.36.2.ci.1,,24,36,2,0,False,False,-1,[],mayle_rouse_allpoints,"{*P1![1,0]^^2*}"
24.36.2.cj.1,,24,36,2,0,False,False,-1,[],mayle_rouse_allpoints,"{*P1![1,0]^^4*}"
24.36.2.ck.1,,24,36,2,0,False,False,-1,[],mayle_rouse_allpoints,"{*P1![1,0]^^2*}"
24.36.2.cl.1,,24,36,2,0,False,False,-1,[],mayle_rouse_allpoints,"{*P1![1,0]^^2*}"
24.36.2.cm.1,,24,36,2,0,False,False,-1,[],mayle_rouse_allpoints,"{*P1![1,0]^^2*}"
24.36.2.cn.1,,24,36,2,0,False,False,-1,[],mayle_rouse_allpoints,"{*P1![1,0]^^2*}"
24.36.2.co.1,,24,36,2,0,False,False,-1,[],mayle_rouse_allpoints,"{*P1![1,0]^^2*}"
24.36.2.cp.1,,24,36,2,0,False,False,-1,[],mayle_rouse_allpoints,"{*P1![1,0]^^2*}"
24.36.2.cq.1,,24,36,2,0,False,False,-1,[],mayle_rouse_allpoints,"{*P1![1,0]^^4*}"
24.36.2.cr.1,,24,36,2,0,False,False,-1,[],mayle_rouse_allpoints,"{*P1![1,0]^^2*}"
24.36.2.cs.1,,24,36,2,0,False,False,-1,[],mayle_rouse_allpoints,"{*P1![287496,1]^^2,P1![1,0]^^2*}"
24.36.2.cu.1,,24,36,2,0,False,False,-1,[],mayle_rouse_allpoints,"{*P1![1,0]^^2*}"
24.36.2.cw.1,,24,36,2,0,False,False,-1,[],mayle_rouse_allpoints,"{*P1![287496,1]^^2,P1![1,0]^^2*}"
24.36.2.cy.1,,24,36,2,0,False,,0,[],mayle_rouse_allpoints,{**}
24.36.2.d.1,,24,36,2,0,False,False,-1,[],mayle_rouse_allpoints,"{*P1![1,0]^^2*}"
24.36.2.de.1,,24,36,2,0,False,False,-1,[],mayle_rouse_allpoints,"{*P1![1,0]^^2*}"
24.36.2.df.1,,24,36,2,0,False,,0,[],mayle_rouse_allpoints,{**}
24.36.2.dh.1,,24,36,2,0,False,False,-1,[],mayle_rouse_allpoints,"{*P1![1,0]^^2*}"
24.36.2.dj.1,,24,36,2,0,False,False,-1,[],mayle_rouse_allpoints,"{*P1![1,0]^^2*}"
24.36.2.dn.1,,24,36,2,0,False,,0,[],mayle_rouse_allpoints,{**}
24.36.2.dq.1,,24,36,2,0,False,False,-1,[],mayle_rouse_allpoints,"{*P1![1,0]^^2*}"
24.36.2.ds.1,,24,36,2,0,False,,0,[],mayle_rouse_allpoints,{**}
24.36.2.du.1,,24,36,2,0,False,False,-1,[],mayle_rouse_allpoints,"{*P1![1728,1]^^2*}"
24.36.2.dw.1,,24,36,2,0,False,,0,[],mayle_rouse_allpoints,{**}
24.36.2.dx.1,,24,36,2,0,False,,0,[],mayle_rouse_allpoints,{**}
24.36.2.dy.1,,24,36,2,0,False,,0,[],mayle_rouse_allpoints,{**}
24.36.2.e.1,,24,36,2,0,False,False,-1,[],mayle_rouse_allpoints,"{*P1![1,0]^^2*}"
24.36.2.ea.1,,24,36,2,0,False,False,-1,[],mayle_rouse_allpoints,"{*P1![1728,1]^^2*}"
24.36.2.ec.1,,24,36,2,0,False,,0,[],mayle_rouse_allpoints,{**}
24.36.2.ei.1,,24,36,2,0,False,,0,[],mayle_rouse_allpoints,{**}
24.36.2.eo.1,,24,36,2,0,False,,0,[],mayle_rouse_allpoints,{**}
24.36.2.ep.1,,24,36,2,0,False,,0,[],mayle_rouse_allpoints,{**}
24.36.2.eq.1,,24,36,2,0,False,,0,[],mayle_rouse_allpoints,{**}
24.36.2.es.1,,24,36,2,0,False,False,-1,[],mayle_rouse_allpoints,"{*P1![1728,1]^^2*}"
24.36.2.eu.1,,24,36,2,0,False,False,-1,[],mayle_rouse_allpoints,"{*P1![1,0]^^4*}"
24.36.2.ew.1,,24,36,2,0,False,,0,[],mayle_rouse_allpoints,{**}
24.36.2.ex.1,,24,36,2,0,False,,0,[],mayle_rouse_allpoints,{**}
24.36.2.ey.1,,24,36,2,0,False,,0,[],mayle_rouse_allpoints,{**}
24.36.2.f.1,,24,36,2,0,False,False,-1,[],mayle_rouse_allpoints,"{*P1![1,0]^^2*}"
24.36.2.fa.1,,24,36,2,0,False,,0,[],mayle_rouse_allpoints,{**}
24.36.2.fb.1,,24,36,2,0,False,,0,[],mayle_rouse_allpoints,{**}
24.36.2.fc.1,,24,36,2,0,False,,0,[],mayle_rouse_allpoints,{**}
24.36.2.ff.1,,24,36,2,0,False,,0,[],mayle_rouse_allpoints,{**}
24.36.2.fi.1,,24,36,2,0,False,,0,[],mayle_rouse_allpoints,{**}
24.36.2.fl.1,,24,36,2,0,False,,0,[],mayle_rouse_allpoints,{**}
24.36.2.fp.1,,24,36,2,0,False,,0,[],mayle_rouse_allpoints,{**}
24.36.2.fq.1,,24,36,2,0,False,,0,[],mayle_rouse_allpoints,{**}
24.36.2.fr.1,,24,36,2,0,False,,0,[],mayle_rouse_allpoints,{**}
24.36.2.fs.1,,24,36,2,0,False,,0,[],mayle_rouse_allpoints,{**}
24.36.2.ft.1,,24,36,2,0,False,,0,[],mayle_rouse_allpoints,{**}
24.36.2.fu.1,,24,36,2,0,False,,0,[],mayle_rouse_allpoints,{**}
24.36.2.fv.1,,24,36,2,0,False,,0,[],mayle_rouse_allpoints,{**}
24.36.2.gg.1,,24,36,2,0,False,False,-1,[],mayle_rouse_allpoints,"{*P1![1,0]^^2*}"
24.36.2.gi.1,,24,36,2,0,False,False,-1,[],mayle_rouse_allpoints,"{*P1![1,0]^^2*}"
24.36.2.gl.1,,24,36,2,0,False,False,-1,[],mayle_rouse_allpoints,"{*P1![1,0]^^2*}"
24.36.2.gn.1,,24,36,2,0,False,False,-1,[],mayle_rouse_allpoints,"{*P1![1,0]^^2*}"
24.36.2.h.1,,24,36,2,0,False,False,-1,[],mayle_rouse_allpoints,"{*P1![1,0]^^2*}"
24.36.2.j.1,,24,36,2,0,False,False,-1,[],mayle_rouse_allpoints,"{*P1![1,0]^^2*}"
24.36.2.n.1,,24,36,2,0,False,False,-1,[],mayle_rouse_allpoints,"{*P1![1728,1]^^2*}"
24.36.2.o.1,,24,36,2,0,False,,0,[],mayle_rouse_allpoints,{**}
24.36.2.q.1,,24,36,2,0,False,False,-1,[],mayle_rouse_allpoints,"{*P1![1,0]^^2*}"
24.36.2.t.1,,24,36,2,0,False,,0,[],mayle_rouse_allpoints,{**}
24.48.2.h.1,,24,48,2,0,False,False,-1,[],mayle_rouse_allpoints,"{*P1![1,0]^^2*}"
24.48.2.i.1,,24,48,2,0,False,False,-1,[],mayle_rouse_allpoints,"{*P1![1,0]^^6*}"
24.48.2.k.1,,24,48,2,0,False,False,-1,[],mayle_rouse_allpoints,"{*P1![1,0]^^2*}"
24.48.2.l.1,,24,48,2,0,False,False,-1,[],mayle_rouse_allpoints,"{*P1![54000,1]^^2,P1![1,0]^^2*}"
24.48.2.m.1,,24,48,2,0,False,False,-1,[],mayle_rouse_allpoints,"{*P1![1,0]^^2*}"
24.48.2.n.1,,24,48,2,0,False,False,-1,[],mayle_rouse_allpoints,"{*P1![1,0]^^2*}"
24.48.2.p.1,,24,48,2,0,False,False,-1,[],mayle_rouse_allpoints,"{*P1![54000,1]^^2,P1![1,0]^^2*}"
24.48.2.q.1,,24,48,2,0,False,False,-1,[],mayle_rouse_allpoints,"{*P1![1,0]^^2*}"
24.48.2.r.1,,24,48,2,0,False,False,-1,[],mayle_rouse_allpoints,"{*P1![54000,1]^^2,P1![1,0]^^2*}"
24.48.2.s.1,,24,48,2,0,False,False,-1,[],mayle_rouse_allpoints,"{*P1![1,0]^^2,P1![0,1]^^2*}"
24.72.2.b.1,,24,72,2,0,False,,0,[],mayle_rouse_allpoints,{**}
24.72.2.bd.1,,24,72,2,0,False,,0,[],mayle_rouse_allpoints,{**}
24.72.2.bf.1,,24,72,2,0,False,False,-1,[],mayle_rouse_allpoints,"{*P1![1,0]^^2*}"
24.72.2.bh.1,,24,72,2,0,False,False,-1,[],mayle_rouse_allpoints,"{*P1![1,0]^^2*}"
24.72.2.bi.1,,24,72,2,0,False,,0,[],mayle_rouse_allpoints,{**}
24.72.2.bk.1,,24,72,2,0,False,,0,[],mayle_rouse_allpoints,{**}
24.72.2.bm.1,,24,72,2,0,False,,0,[],mayle_rouse_allpoints,{**}
24.72.2.bo.1,,24,72,2,0,False,,0,[],mayle_rouse_allpoints,{**}
24.72.2.bp.1,,24,72,2,0,False,,0,[],mayle_rouse_allpoints,{**}
24.72.2.bq.1,,24,72,2,0,False,,0,[],mayle_rouse_allpoints,{**}
24.72.2.bt.1,,24,72,2,0,False,,0,[],mayle_rouse_allpoints,{**}
24.72.2.by.1,,24,72,2,0,False,,0,[],mayle_rouse_allpoints,{**}
24.72.2.c.1,,24,72,2,0,False,,0,[],mayle_rouse_allpoints,{**}
24.72.2.ce.1,,24,72,2,0,False,False,-1,[],mayle_rouse_allpoints,"{*P1![1,0]^^2*}"
24.72.2.ci.1,,24,72,2,0,False,False,-1,[],mayle_rouse_allpoints,"{*P1![1,0]^^2*}"
24.72.2.cn.1,,24,72,2,0,False,False,-1,[],mayle_rouse_allpoints,"{*P1![16581375,1]^^4*}"
24.72.2.co.1,,24,72,2,0,False,,0,[],mayle_rouse_allpoints,{**}
24.72.2.cp.1,,24,72,2,0,False,,0,[],mayle_rouse_allpoints,{**}
24.72.2.cr.1,,24,72,2,0,False,,0,[],mayle_rouse_allpoints,{**}
24.72.2.cs.1,,24,72,2,0,False,,0,[],mayle_rouse_allpoints,{**}
24.72.2.cu.1,,24,72,2,0,False,,0,[],mayle_rouse_allpoints,{**}
24.72.2.cv.1,,24,72,2,0,False,,0,[],mayle_rouse_allpoints,{**}
24.72.2.cw.1,,24,72,2,0,False,,0,[],mayle_rouse_allpoints,{**}
24.72.2.cx.1,,24,72,2,0,False,,0,[],mayle_rouse_allpoints,{**}
24.72.2.cy.1,,24,72,2,0,False,,0,[],mayle_rouse_allpoints,{**}
24.72.2.d.1,,24,72,2,0,False,,0,[],mayle_rouse_allpoints,{**}
24.72.2.dc.1,,24,72,2,0,False,,0,[],mayle_rouse_allpoints,{**}
24.72.2.dd.1,,24,72,2,0,False,,0,[],mayle_rouse_allpoints,{**}
24.72.2.de.1,,24,72,2,0,False,,0,[],mayle_rouse_allpoints,{**}
24.72.2.dg.1,,24,72,2,0,False,,0,[],mayle_rouse_allpoints,{**}
24.72.2.dh.1,,24,72,2,0,False,,0,[],mayle_rouse_allpoints,{**}
24.72.2.dl.1,,24,72,2,0,False,,0,[],mayle_rouse_allpoints,{**}
24.72.2.dm.1,,24,72,2,0,False,,0,[],mayle_rouse_allpoints,{**}
24.72.2.do.1,,24,72,2,0,False,,0,[],mayle_rouse_allpoints,{**}
24.72.2.ds.1,,24,72,2,0,False,,0,[],mayle_rouse_allpoints,{**}
24.72.2.dy.1,,24,72,2,0,False,,0,[],mayle_rouse_allpoints,{**}
24.72.2.e.1,,24,72,2,0,False,False,-1,[],mayle_rouse_allpoints,"{*P1![1,0]^^2*}"
24.72.2.eb.1,,24,72,2,0,False,,0,[],mayle_rouse_allpoints,{**}
24.72.2.ef.1,,24,72,2,0,False,,0,[],mayle_rouse_allpoints,{**}
24.72.2.eg.1,,24,72,2,0,False,,0,[],mayle_rouse_allpoints,{**}
24.72.2.ei.1,,24,72,2,0,False,,0,[],mayle_rouse_allpoints,{**}
24.72.2.eq.1,,24,72,2,0,False,False,-1,[],mayle_rouse_allpoints,"{*P1![1,0]^^2*}"
24.72.2.er.1,,24,72,2,0,False,False,-1,[],mayle_rouse_allpoints,"{*P1![1,0]^^2*}"
24.72.2.ev.1,,24,72,2,0,False,False,-1,[],mayle_rouse_allpoints,"{*P1![1,0]^^2*}"
24.72.2.ez.1,,24,72,2,0,False,False,-1,[],mayle_rouse_allpoints,"{*P1![1,0]^^2*}"
24.72.2.fb.1,,24,72,2,0,False,False,-1,[],mayle_rouse_allpoints,"{*P1![1,0]^^2*}"
24.72.2.ff.1,,24,72,2,0,False,,0,[],mayle_rouse_allpoints,{**}
24.72.2.fg.1,,24,72,2,0,False,False,-1,[],mayle_rouse_allpoints,"{*P1![1,0]^^2*}"
24.72.2.fh.1,,24,72,2,0,False,,0,[],mayle_rouse_allpoints,{**}
24.72.2.fi.1,,24,72,2,0,False,False,-1,[],mayle_rouse_allpoints,"{*P1![1,0]^^2*}"
24.72.2.fk.1,,24,72,2,0,False,,0,[],mayle_rouse_allpoints,{**}
24.72.2.fl.1,,24,72,2,0,False,,0,[],mayle_rouse_allpoints,{**}
24.72.2.fn.1,,24,72,2,0,False,,0,[],mayle_rouse_allpoints,{**}
24.72.2.fp.1,,24,72,2,0,False,,0,[],mayle_rouse_allpoints,{**}
24.72.2.fq.1,,24,72,2,0,False,,0,[],mayle_rouse_allpoints,{**}
24.72.2.fr.1,,24,72,2,0,False,,0,[],mayle_rouse_allpoints,{**}
24.72.2.fu.1,,24,72,2,0,False,False,-1,[],mayle_rouse_allpoints,"{*P1![1,0]^^2*}"
24.72.2.fv.1,,24,72,2,0,False,False,-1,[],mayle_rouse_allpoints,"{*P1![1,0]^^2*}"
24.72.2.fz.1,,24,72,2,0,False,False,-1,[],mayle_rouse_allpoints,"{*P1![1,0]^^2*}"
24.72.2.g.1,,24,72,2,0,False,,0,[],mayle_rouse_allpoints,{**}
24.72.2.gb.1,,24,72,2,0,False,,0,[],mayle_rouse_allpoints,{**}
24.72.2.gc.1,,24,72,2,0,False,False,-1,[],mayle_rouse_allpoints,"{*P1![1,0]^^2*}"
24.72.2.gh.1,,24,72,2,0,False,,0,[],mayle_rouse_allpoints,{**}
24.72.2.gl.1,,24,72,2,0,False,False,-1,[],mayle_rouse_allpoints,"{*P1![1,0]^^2*}"
24.72.2.h.1,,24,72,2,0,False,,0,[],mayle_rouse_allpoints,{**}
24.72.2.hc.1,,24,72,2,0,False,False,-1,[],mayle_rouse_allpoints,"{*P1![1728,1]^^2,P1![1,0]^^2*}"
24.72.2.hd.1,,24,72,2,0,False,False,-1,[],mayle_rouse_allpoints,"{*P1![1,0]^^4*}"
24.72.2.hf.1,,24,72,2,0,False,False,-1,[],mayle_rouse_allpoints,"{*P1![1,0]^^2*}"
24.72.2.hh.1,,24,72,2,0,False,False,-1,[],mayle_rouse_allpoints,"{*P1![1,0]^^2*}"
24.72.2.hs.1,,24,72,2,0,False,False,-1,[],mayle_rouse_allpoints,"{*P1![1728,1]^^2*}"
24.72.2.hv.1,,24,72,2,0,False,,0,[],mayle_rouse_allpoints,{**}
24.72.2.hx.1,,24,72,2,0,False,,0,[],mayle_rouse_allpoints,{**}
24.72.2.ia.1,,24,72,2,0,False,False,-1,[],mayle_rouse_allpoints,"{*P1![1728,1]^^2*}"
24.72.2.ib.1,,24,72,2,0,False,,0,[],mayle_rouse_allpoints,{**}
24.72.2.id.1,,24,72,2,0,False,,0,[],mayle_rouse_allpoints,{**}
24.72.2.if.1,,24,72,2,0,False,,0,[],mayle_rouse_allpoints,{**}
24.72.2.ig.1,,24,72,2,0,False,False,-1,[],mayle_rouse_allpoints,"{*P1![1728,1]^^2*}"
24.72.2.ih.1,,24,72,2,0,False,,0,[],mayle_rouse_allpoints,{**}
24.72.2.ii.1,,24,72,2,0,False,False,-1,[],mayle_rouse_allpoints,"{*P1![1728,1]^^2,P1![1,0]^^2*}"
24.72.2.ik.1,,24,72,2,0,False,False,-1,[],mayle_rouse_allpoints,"{*P1![1,0]^^2*}"
24.72.2.il.1,,24,72,2,0,False,,0,[],mayle_rouse_allpoints,{**}
24.72.2.in.1,,24,72,2,0,False,,0,[],mayle_rouse_allpoints,{**}
24.72.2.io.1,,24,72,2,0,False,False,-1,[],mayle_rouse_allpoints,"{*P1![1,0]^^4*}"
24.72.2.ip.1,,24,72,2,0,False,False,-1,[],mayle_rouse_allpoints,"{*P1![1728,1]^^2,P1![1,0]^^2*}"
24.72.2.ir.1,,24,72,2,0,False,False,-1,[],mayle_rouse_allpoints,"{*P1![1728,1]^^2*}"
24.72.2.is.1,,24,72,2,0,False,False,-1,[],mayle_rouse_allpoints,"{*P1![1,0]^^2*}"
24.72.2.it.1,,24,72,2,0,False,False,-1,[],mayle_rouse_allpoints,"{*P1![1,0]^^2*}"
24.72.2.iu.1,,24,72,2,0,False,False,-1,[],mayle_rouse_allpoints,"{*P1![1,0]^^2*}"
24.72.2.ix.1,,24,72,2,0,False,False,-1,[],mayle_rouse_allpoints,"{*P1![1728,1]^^2*}"
24.72.2.j.1,,24,72,2,0,False,False,-1,[],mayle_rouse_allpoints,"{*P1![1,0]^^4*}"
24.72.2.jf.1,,24,72,2,0,False,False,-1,[],mayle_rouse_allpoints,"{*P1![1728,1]^^2*}"
24.72.2.jn.1,,24,72,2,0,False,False,-1,[],mayle_rouse_allpoints,"{*P1![1728,1]^^2,P1![1,0]^^2*}"
24.72.2.l.1,,24,72,2,0,False,,0,[],mayle_rouse_allpoints,{**}
24.72.2.m.1,,24,72,2,0,False,False,-1,[],mayle_rouse_allpoints,"{*P1![1,0]^^2*}"
24.72.2.n.1,,24,72,2,0,False,False,-1,[],mayle_rouse_allpoints,"{*P1![1,0]^^2*}"
24.72.2.o.1,,24,72,2,0,False,,0,[],mayle_rouse_allpoints,{**}
24.72.2.q.1,,24,72,2,0,False,False,-1,[],mayle_rouse_allpoints,"{*P1![1,0]^^2*}"
24.72.2.r.1,,24,72,2,0,False,False,-1,[],mayle_rouse_allpoints,"{*P1![1,0]^^2*}"
24.72.2.s.1,,24,72,2,0,False,,0,[],mayle_rouse_allpoints,{**}
24.72.2.y.1,,24,72,2,0,False,,0,[],mayle_rouse_allpoints,{**}
28.48.2.a.1,,28,48,2,0,False,False,-1,[],mayle_rouse_allpoints,"{*P1![1,0]^^2*}"
28.48.2.b.1,,28,48,2,0,False,False,-1,[],mayle_rouse_allpoints,"{*P1![1,0]^^2*}"
28.48.2.i.1,,28,48,2,0,False,False,-1,[],mayle_rouse_allpoints,"{*P1![16581375,1]^^2,P1![1,0]^^2*}"
30.30.2.a.1,,30,30,2,0,False,False,-1,[],mayle_rouse_allpoints,"{*P1![1728,1]^^1,P1![1,0]^^1*}"
30.30.2.c.1,,30,30,2,0,False,False,-1,[],mayle_rouse_allpoints,"{*P1![1728,1]^^1,P1![1,0]^^1*}"
30.40.2.a.1,,30,40,2,0,False,False,-1,[],mayle_rouse_allpoints,"{*P1![1,0]^^2*}"
30.40.2.c.1,,30,40,2,0,False,False,-1,[],mayle_rouse_allpoints,"{*P1![1,0]^^2*}"
30.40.2.d.1,,30,40,2,0,False,False,-1,[],mayle_rouse_allpoints,"{*P1![1,0]^^2*}"
30.54.2.a.1,,30,54,2,0,False,False,-1,[],mayle_rouse_allpoints,"{*P1![1,0]^^4*}"
30.60.2.a.1,,30,60,2,0,False,False,-1,[],mayle_rouse_allpoints,"{*P1![54000,1]^^2,P1![0,1]^^2*}"
30.60.2.b.1,,30,60,2,0,False,,0,[],mayle_rouse_allpoints,{**}
30.60.2.d.1,,30,60,2,0,False,,0,[],mayle_rouse_allpoints,{**}
30.60.2.f.1,,30,60,2,0,False,,0,[],mayle_rouse_allpoints,{**}
30.90.2.a.1,,30,90,2,0,False,,0,[],mayle_rouse_allpoints,{**}
30.90.2.b.1,,30,90,2,0,False,,0,[],mayle_rouse_allpoints,{**}
36.108.2.b.1,,36,108,2,0,False,,0,[],mayle_rouse_allpoints,{**}
36.18.2.a.1,,36,18,2,0,False,False,-1,[],mayle_rouse_allpoints,"{*P1![1,0]^^1*}"
36.18.2.b.1,,36,18,2,0,False,False,-1,[],mayle_rouse_allpoints,"{*P1![1,0]^^1*}"
36.36.2.a.1,,36,36,2,0,False,False,-1,[],mayle_rouse_allpoints,"{*P1![1,0]^^1*}"
36.54.2.a.1,,36,54,2,0,False,,0,[],mayle_rouse_allpoints,{**}
36.54.2.g.1,,36,54,2,0,False,False,-1,[],mayle_rouse_allpoints,"{*P1![1,0]^^2*}"
38.40.2.a.1,,38,40,2,0,False,False,-1,[],mayle_rouse_allpoints,"{*P1![1,0]^^2*}"
40.30.2.a.1,,40,30,2,0,False,False,-1,[],mayle_rouse_allpoints,"{*P1![1728,1]^^1,P1![1,0]^^1*}"
40.30.2.d.1,,40,30,2,0,False,False,-1,[],mayle_rouse_allpoints,"{*P1![1728,1]^^1,P1![1,0]^^1*}"
40.30.2.h.1,,40,30,2,0,False,False,-1,[],mayle_rouse_allpoints,"{*P1![1728,1]^^1,P1![1,0]^^1*}"
40.30.2.i.1,,40,30,2,0,False,False,-1,[],mayle_rouse_allpoints,"{*P1![1728,1]^^1,P1![1,0]^^1*}"
40.30.2.n.1,,40,30,2,0,False,False,-1,[],mayle_rouse_allpoints,"{*P1![1,0]^^2*}"
40.30.2.o.1,,40,30,2,0,False,False,-1,[],mayle_rouse_allpoints,"{*P1![1,0]^^2*}"
40.60.2.c.1,,40,60,2,0,False,,0,[],mayle_rouse_allpoints,{**}
40.60.2.g.1,,40,60,2,0,False,,0,[],mayle_rouse_allpoints,{**}
40.60.2.j.1,,40,60,2,0,False,,0,[],mayle_rouse_allpoints,{**}
40.60.2.l.1,,40,60,2,0,False,,0,[],mayle_rouse_allpoints,{**}
40.60.2.m.1,,40,60,2,0,False,,0,[],mayle_rouse_allpoints,{**}
40.90.2.b.1,,40,90,2,0,False,,0,[],mayle_rouse_allpoints,{**}
40.90.2.c.1,,40,90,2,0,False,,0,[],mayle_rouse_allpoints,{**}
42.48.2.c.1,,42,48,2,0,False,False,-1,[],mayle_rouse_allpoints,"{*P1![1,0]^^2*}"
42.48.2.f.1,,42,48,2,0,False,False,-1,[],mayle_rouse_allpoints,"{*P1![1,0]^^2*}"
48.24.2.a.1,,48,24,2,0,False,False,-1,[],mayle_rouse_allpoints,"{*P1![1,0]^^2*}"
48.24.2.b.1,,48,24,2,0,False,False,-1,[],mayle_rouse_allpoints,"{*P1![1,0]^^2*}"
48.24.2.c.1,,48,24,2,0,False,False,-1,[],mayle_rouse_allpoints,"{*P1![1,0]^^2*}"
48.48.2.bi.1,,48,48,2,0,False,,0,[],mayle_rouse_allpoints,{**}
48.48.2.bk.1,,48,48,2,0,False,,0,[],mayle_rouse_allpoints,{**}
48.48.2.bm.1,,48,48,2,0,False,,0,[],mayle_rouse_allpoints,{**}
48.48.2.bo.1,,48,48,2,0,False,,0,[],mayle_rouse_allpoints,{**}
48.48.2.bp.1,,48,48,2,0,False,False,-1,[],mayle_rouse_allpoints,"{*P1![1,0]^^2*}"
48.48.2.br.1,,48,48,2,0,False,False,-1,[],mayle_rouse_allpoints,"{*P1![1,0]^^2*}"
48.48.2.bs.1,,48,48,2,0,False,,0,[],mayle_rouse_allpoints,{**}
48.48.2.bt.1,,48,48,2,0,False,,0,[],mayle_rouse_allpoints,{**}
48.48.2.bu.1,,48,48,2,0,False,,0,[],mayle_rouse_allpoints,{**}
48.48.2.cq.1,,48,48,2,0,False,,0,[],mayle_rouse_allpoints,{**}
48.48.2.cr.1,,48,48,2,0,False,,0,[],mayle_rouse_allpoints,{**}
48.48.2.ct.1,,48,48,2,0,False,,0,[],mayle_rouse_allpoints,{**}
48.48.2.dc.1,,48,48,2,0,False,False,-1,[],mayle_rouse_allpoints,"{*P1![1728,1]^^2*}"
48.48.2.df.1,,48,48,2,0,False,,0,[],mayle_rouse_allpoints,{**}
48.48.2.dh.1,,48,48,2,0,False,,0,[],mayle_rouse_allpoints,{**}
48.48.2.di.1,,48,48,2,0,False,,0,[],mayle_rouse_allpoints,{**}
48.48.2.ea.1,,48,48,2,0,False,,0,[],mayle_rouse_allpoints,{**}
48.48.2.ef.1,,48,48,2,0,False,,0,[],mayle_rouse_allpoints,{**}
48.48.2.en.1,,48,48,2,0,False,,0,[],mayle_rouse_allpoints,{**}
48.48.2.eo.1,,48,48,2,0,False,,0,[],mayle_rouse_allpoints,{**}
48.48.2.ep.1,,48,48,2,0,False,False,-1,[],mayle_rouse_allpoints,"{*P1![1728,1]^^2*}"
48.48.2.ey.1,,48,48,2,0,False,False,-1,[],mayle_rouse_allpoints,"{*P1![1728,1]^^2*}"
48.48.2.q.1,,48,48,2,0,False,False,-1,[],mayle_rouse_allpoints,"{*P1![1,0]^^2*}"
48.48.2.s.1,,48,48,2,0,False,False,-1,[],mayle_rouse_allpoints,"{*P1![1,0]^^2*}"
48.48.2.w.1,,48,48,2,0,False,,0,[],mayle_rouse_allpoints,{**}
54.108.2.a.1,,54,108,2,0,False,False,-1,[],mayle_rouse_allpoints,"{*P1![1,0]^^4*}"
54.72.2.a.1,,54,72,2,0,False,False,-1,[],mayle_rouse_allpoints,"{*P1![1,0]^^2*}"
54.72.2.b.1,,54,72,2,0,False,False,-1,[],mayle_rouse_allpoints,"{*P1![1,0]^^2,P1![0,1]^^2*}"
56.48.2.b.1,,56,48,2,0,False,False,-1,[],mayle_rouse_allpoints,"{*P1![1,0]^^2*}"
56.48.2.c.1,,56,48,2,0,False,False,-1,[],mayle_rouse_allpoints,"{*P1![1,0]^^2*}"
56.48.2.d.1,,56,48,2,0,False,False,-1,[],mayle_rouse_allpoints,"{*P1![1,0]^^2*}"
56.48.2.e.1,,56,48,2,0,False,False,-1,[],mayle_rouse_allpoints,"{*P1![1,0]^^2*}"
56.48.2.h.1,,56,48,2,0,False,,0,[],mayle_rouse_allpoints,{**}
56.48.2.m.1,,56,48,2,0,False,False,-1,[],mayle_rouse_allpoints,"{*P1![1,0]^^2*}"
56.48.2.n.1,,56,48,2,0,False,False,-1,[],mayle_rouse_allpoints,"{*P1![1,0]^^2*}"
60.24.2.b.1,,60,24,2,0,False,,0,[],mayle_rouse_allpoints,{**}
60.24.2.c.1,,60,24,2,0,False,,0,[],mayle_rouse_allpoints,{**}
60.30.2.c.1,,60,30,2,0,False,False,-1,[],mayle_rouse_allpoints,"{*P1![1728,1]^^1,P1![1,0]^^1*}"
60.30.2.e.1,,60,30,2,0,False,False,-1,[],mayle_rouse_allpoints,"{*P1![1728,1]^^1,P1![1,0]^^1*}"
60.30.2.f.1,,60,30,2,0,False,False,-1,[],mayle_rouse_allpoints,"{*P1![1728,1]^^1,P1![1,0]^^1*}"
60.30.2.g.1,,60,30,2,0,False,False,-1,[],mayle_rouse_allpoints,"{*P1![1728,1]^^1,P1![1,0]^^1*}"
60.30.2.i.1,,60,30,2,0,False,False,-1,[],mayle_rouse_allpoints,"{*P1![1,0]^^2*}"
60.30.2.m.1,,60,30,2,0,False,False,-1,[],mayle_rouse_allpoints,"{*P1![1,0]^^2*}"
60.30.2.n.1,,60,30,2,0,False,False,-1,[],mayle_rouse_allpoints,"{*P1![1,0]^^2*}"
60.36.2.a.1,,60,36,2,0,False,False,-1,[],mayle_rouse_allpoints,"{*P1![1,0]^^2*}"
60.36.2.b.1,,60,36,2,0,False,False,-1,[],mayle_rouse_allpoints,"{*P1![1,0]^^2*}"
60.36.2.bb.1,,60,36,2,0,False,False,-1,[],mayle_rouse_allpoints,"{*P1![1,0]^^2*}"
60.36.2.be.1,,60,36,2,0,False,False,-1,[],mayle_rouse_allpoints,"{*P1![1,0]^^2*}"
60.36.2.bh.1,,60,36,2,0,False,,0,[],mayle_rouse_allpoints,{**}
60.36.2.bi.1,,60,36,2,0,False,,0,[],mayle_rouse_allpoints,{**}
60.36.2.bl.1,,60,36,2,0,False,,0,[],mayle_rouse_allpoints,{**}
60.36.2.bm.1,,60,36,2,0,False,,0,[],mayle_rouse_allpoints,{**}
60.36.2.bq.1,,60,36,2,0,False,,0,[],mayle_rouse_allpoints,{**}
60.36.2.bs.1,,60,36,2,0,False,,0,[],mayle_rouse_allpoints,{**}
60.36.2.bz.1,,60,36,2,0,False,,0,[],mayle_rouse_allpoints,{**}
60.36.2.c.1,,60,36,2,0,False,False,-1,[],mayle_rouse_allpoints,"{*P1![1,0]^^2*}"
60.36.2.ca.1,,60,36,2,0,False,,0,[],mayle_rouse_allpoints,{**}
60.36.2.cf.1,,60,36,2,0,False,,0,[],mayle_rouse_allpoints,{**}
60.36.2.cg.1,,60,36,2,0,False,,0,[],mayle_rouse_allpoints,{**}
60.36.2.ci.1,,60,36,2,0,False,,0,[],mayle_rouse_allpoints,{**}
60.36.2.cl.1,,60,36,2,0,False,,0,[],mayle_rouse_allpoints,{**}
60.36.2.cm.1,,60,36,2,0,False,,0,[],mayle_rouse_allpoints,{**}
60.36.2.cn.1,,60,36,2,0,False,False,-1,[],mayle_rouse_allpoints,"{*P1![1728,1]^^2*}"
60.36.2.cp.1,,60,36,2,0,False,False,-1,[],mayle_rouse_allpoints,"{*P1![1728,1]^^2*}"
60.36.2.cr.1,,60,36,2,0,False,False,-1,[],mayle_rouse_allpoints,"{*P1![1728,1]^^2*}"
60.36.2.cs.1,,60,36,2,0,False,,0,[],mayle_rouse_allpoints,{**}
60.36.2.ct.1,,60,36,2,0,False,False,-1,[],mayle_rouse_allpoints,"{*P1![1728,1]^^2*}"
60.36.2.cv.1,,60,36,2,0,False,False,-1,[],mayle_rouse_allpoints,"{*P1![1728,1]^^2*}"
60.36.2.cw.1,,60,36,2,0,False,,0,[],mayle_rouse_allpoints,{**}
60.36.2.cx.1,,60,36,2,0,False,False,-1,[],mayle_rouse_allpoints,"{*P1![1728,1]^^2*}"
60.36.2.cy.1,,60,36,2,0,False,,0,[],mayle_rouse_allpoints,{**}
60.36.2.cz.1,,60,36,2,0,False,False,-1,[],mayle_rouse_allpoints,"{*P1![1728,1]^^2*}"
60.36.2.d.1,,60,36,2,0,False,False,-1,[],mayle_rouse_allpoints,"{*P1![1,0]^^2*}"
60.36.2.db.1,,60,36,2,0,False,False,-1,[],mayle_rouse_allpoints,"{*P1![1728,1]^^2*}"
60.36.2.dc.1,,60,36,2,0,False,,0,[],mayle_rouse_allpoints,{**}
60.36.2.dd.1,,60,36,2,0,False,,0,[],mayle_rouse_allpoints,{**}
60.36.2.de.1,,60,36,2,0,False,,0,[],mayle_rouse_allpoints,{**}
60.36.2.dg.1,,60,36,2,0,False,,0,[],mayle_rouse_allpoints,{**}
60.36.2.di.1,,60,36,2,0,False,,0,[],mayle_rouse_allpoints,{**}
60.36.2.dj.1,,60,36,2,0,False,,0,[],mayle_rouse_allpoints,{**}
60.36.2.dm.1,,60,36,2,0,False,,0,[],mayle_rouse_allpoints,{**}
60.36.2.do.1,,60,36,2,0,False,,0,[],mayle_rouse_allpoints,{**}
60.36.2.dp.1,,60,36,2,0,False,,0,[],mayle_rouse_allpoints,{**}
60.36.2.dq.1,,60,36,2,0,False,,0,[],mayle_rouse_allpoints,{**}
60.36.2.dr.1,,60,36,2,0,False,,0,[],mayle_rouse_allpoints,{**}
60.36.2.ds.1,,60,36,2,0,False,,0,[],mayle_rouse_allpoints,{**}
60.36.2.du.1,,60,36,2,0,False,False,-1,[],mayle_rouse_allpoints,"{*P1![1,0]^^2*}"
60.36.2.e.1,,60,36,2,0,False,False,-1,[],mayle_rouse_allpoints,"{*P1![1,0]^^2*}"
60.36.2.eb.1,,60,36,2,0,False,False,-1,[],mayle_rouse_allpoints,"{*P1![1,0]^^2*}"
60.36.2.ee.1,,60,36,2,0,False,False,-1,[],mayle_rouse_allpoints,"{*P1![1,0]^^2*}"
60.36.2.eh.1,,60,36,2,0,False,False,-1,[],mayle_rouse_allpoints,"{*P1![1,0]^^2*}"
60.36.2.el.1,,60,36,2,0,False,,0,[],mayle_rouse_allpoints,{**}
60.36.2.eq.1,,60,36,2,0,False,,0,[],mayle_rouse_allpoints,{**}
60.36.2.ev.1,,60,36,2,0,False,,0,[],mayle_rouse_allpoints,{**}
60.36.2.ew.1,,60,36,2,0,False,,0,[],mayle_rouse_allpoints,{**}
60.36.2.fb.1,,60,36,2,0,False,,0,[],mayle_rouse_allpoints,{**}
60.36.2.fc.1,,60,36,2,0,False,,0,[],mayle_rouse_allpoints,{**}
60.36.2.fe.1,,60,36,2,0,False,,0,[],mayle_rouse_allpoints,{**}
60.36.2.fh.1,,60,36,2,0,False,,0,[],mayle_rouse_allpoints,{**}
60.36.2.fk.1,,60,36,2,0,False,False,-1,[],mayle_rouse_allpoints,"{*P1![1728,1]^^2*}"
60.36.2.fl.1,,60,36,2,0,False,False,-1,[],mayle_rouse_allpoints,"{*P1![1728,1]^^2*}"
60.36.2.fn.1,,60,36,2,0,False,,0,[],mayle_rouse_allpoints,{**}
60.36.2.fo.1,,60,36,2,0,False,False,-1,[],mayle_rouse_allpoints,"{*P1![1728,1]^^2*}"
60.36.2.fp.1,,60,36,2,0,False,False,-1,[],mayle_rouse_allpoints,"{*P1![1728,1]^^2*}"
60.36.2.h.1,,60,36,2,0,False,False,-1,[],mayle_rouse_allpoints,"{*P1![1,0]^^2*}"
60.36.2.j.1,,60,36,2,0,False,,0,[],mayle_rouse_allpoints,{**}
60.36.2.s.1,,60,36,2,0,False,False,-1,[],mayle_rouse_allpoints,"{*P1![1,0]^^2*}"
60.36.2.t.1,,60,36,2,0,False,False,-1,[],mayle_rouse_allpoints,"{*P1![1,0]^^2*}"
60.36.2.v.1,,60,36,2,0,False,,0,[],mayle_rouse_allpoints,{**}
60.36.2.w.1,,60,36,2,0,False,False,-1,[],mayle_rouse_allpoints,"{*P1![1,0]^^2*}"
60.36.2.x.1,,60,36,2,0,False,False,-1,[],mayle_rouse_allpoints,"{*P1![1,0]^^2*}"
60.40.2.f.1,,60,40,2,0,False,False,-1,[],mayle_rouse_allpoints,"{*P1![1,0]^^2*}"
60.48.2.d.1,,60,48,2,0,False,False,-1,[],mayle_rouse_allpoints,"{*P1![1,0]^^2*}"
60.48.2.e.1,,60,48,2,0,False,False,-1,[],mayle_rouse_allpoints,"{*P1![1,0]^^2*}"
60.60.2.d.1,,60,60,2,0,False,,0,[],mayle_rouse_allpoints,{**}
60.60.2.h.1,,60,60,2,0,False,,0,[],mayle_rouse_allpoints,{**}
60.60.2.i.1,,60,60,2,0,False,,0,[],mayle_rouse_allpoints,{**}
60.60.2.j.1,,60,60,2,0,False,,0,[],mayle_rouse_allpoints,{**}
60.72.2.a.1,,60,72,2,0,False,,0,[],mayle_rouse_allpoints,{**}
60.72.2.bb.1,,60,72,2,0,False,,0,[],mayle_rouse_allpoints,{**}
60.72.2.bc.1,,60,72,2,0,False,,0,[],mayle_rouse_allpoints,{**}
60.72.2.bd.1,,60,72,2,0,False,,0,[],mayle_rouse_allpoints,{**}
60.72.2.be.1,,60,72,2,0,False,,0,[],mayle_rouse_allpoints,{**}
60.72.2.bf.1,,60,72,2,0,False,,0,[],mayle_rouse_allpoints,{**}
60.72.2.bi.1,,60,72,2,0,False,False,-1,[],mayle_rouse_allpoints,"{*P1![1,0]^^2*}"
60.72.2.bl.1,,60,72,2,0,False,False,-1,[],mayle_rouse_allpoints,"{*P1![1,0]^^2*}"
60.72.2.bn.1,,60,72,2,0,False,,0,[],mayle_rouse_allpoints,{**}
60.72.2.bo.1,,60,72,2,0,False,,0,[],mayle_rouse_allpoints,{**}
60.72.2.br.1,,60,72,2,0,False,,0,[],mayle_rouse_allpoints,{**}
60.72.2.bs.1,,60,72,2,0,False,,0,[],mayle_rouse_allpoints,{**}
60.72.2.bu.1,,60,72,2,0,False,,0,[],mayle_rouse_allpoints,{**}
60.72.2.bx.1,,60,72,2,0,False,,0,[],mayle_rouse_allpoints,{**}
60.72.2.d.1,,60,72,2,0,False,,0,[],mayle_rouse_allpoints,{**}
60.72.2.e.1,,60,72,2,0,False,,0,[],mayle_rouse_allpoints,{**}
60.72.2.f.1,,60,72,2,0,False,,0,[],mayle_rouse_allpoints,{**}
60.72.2.g.1,,60,72,2,0,False,,0,[],mayle_rouse_allpoints,{**}
60.72.2.h.1,,60,72,2,0,False,,0,[],mayle_rouse_allpoints,{**}
60.72.2.j.1,,60,72,2,0,False,,0,[],mayle_rouse_allpoints,{**}
60.72.2.k.1,,60,72,2,0,False,,0,[],mayle_rouse_allpoints,{**}
60.72.2.n.1,,60,72,2,0,False,,0,[],mayle_rouse_allpoints,{**}
60.72.2.o.1,,60,72,2,0,False,,0,[],mayle_rouse_allpoints,{**}
60.72.2.r.1,,60,72,2,0,False,,0,[],mayle_rouse_allpoints,{**}
60.72.2.s.1,,60,72,2,0,False,,0,[],mayle_rouse_allpoints,{**}
60.72.2.u.1,,60,72,2,0,False,,0,[],mayle_rouse_allpoints,{**}
60.72.2.x.1,,60,72,2,0,False,,0,[],mayle_rouse_allpoints,{**}
60.72.2.y.1,,60,72,2,0,False,,0,[],mayle_rouse_allpoints,{**}
60.90.2.a.1,,60,90,2,0,False,,0,[],mayle_rouse_allpoints,{**}
66.24.2.a.1,,66,24,2,0,False,False,-1,[],mayle_rouse_allpoints,"{*P1![1,0]^^2*}"
66.24.2.b.1,,66,24,2,0,False,False,-1,[],mayle_rouse_allpoints,"{*P1![1,0]^^2*}"
70.48.2.b.1,,70,48,2,0,False,,0,[],mayle_rouse_allpoints,{**}
70.48.2.c.1,,70,48,2,0,False,False,-1,[],mayle_rouse_allpoints,"{*P1![1,0]^^2*}"
