label,name,level,index,genus,rank,simple,pointless,has_obstruction,obstructions,reason
10.60.2.a.1,,10,60,2,0,False,True,1,[0],local_obstruction
10.60.2.b.1,,10,60,2,0,False,True,1,[0],local_obstruction
12.24.2.a.1,,12,24,2,0,False,True,1,[0],local_obstruction
12.24.2.d.1,,12,24,2,0,False,True,1,[0],local_obstruction
12.36.2.bc.1,,12,36,2,0,False,True,1,[0],local_obstruction
12.36.2.bi.1,,12,36,2,0,False,True,1,[0],local_obstruction
12.36.2.bm.1,,12,36,2,0,False,True,1,[0],local_obstruction
12.36.2.bt.1,,12,36,2,0,False,True,1,[0],local_obstruction
12.36.2.bu.1,,12,36,2,0,False,True,1,[0],local_obstruction
12.36.2.bv.1,,12,36,2,0,False,True,1,[7],local_obstruction
12.36.2.i.1,,12,36,2,0,False,True,1,"[0, 7]",local_obstruction
12.36.2.j.1,,12,36,2,0,False,True,1,[7],local_obstruction
12.36.2.k.1,,12,36,2,0,False,True,1,[0],local_obstruction
12.36.2.m.1,,12,36,2,0,False,True,1,[0],local_obstruction
12.36.2.o.1,,12,36,2,0,False,True,1,[0],local_obstruction
12.36.2.q.1,,12,36,2,0,False,True,1,[0],local_obstruction
12.36.2.r.1,,12,36,2,0,False,True,1,[7],local_obstruction
12.36.2.u.1,,12,36,2,0,False,True,1,[0],local_obstruction
12.36.2.z.1,,12,36,2,0,False,True,1,[0],local_obstruction
12.48.2-12.a.1.1,,12,48,2,0,False,True,1,[],local_obstruction
12.48.2-12.a.1.2,,12,48,2,0,False,True,1,[],local_obstruction
12.48.2-12.a.1.3,,12,48,2,0,False,True,1,[],local_obstruction
12.48.2-12.a.1.4,,12,48,2,0,False,True,1,[],local_obstruction
12.72.2-12.i.1.1,,12,72,2,0,False,True,1,[],local_obstruction
12.72.2-12.i.1.2,,12,72,2,0,False,True,1,[],local_obstruction
12.72.2-12.i.1.3,,12,72,2,0,False,True,1,[],local_obstruction
12.72.2-12.i.1.4,,12,72,2,0,False,True,1,[],local_obstruction
12.72.2-12.j.1.1,,12,72,2,0,False,True,1,[],local_obstruction
12.72.2-12.j.1.2,,12,72,2,0,False,True,1,[],local_obstruction
12.72.2-12.j.1.3,,12,72,2,0,False,True,1,[],local_obstruction
12.72.2-12.j.1.4,,12,72,2,0,False,True,1,[],local_obstruction
12.72.2-12.k.1.1,,12,72,2,0,False,True,1,[],local_obstruction
12.72.2-12.k.1.2,,12,72,2,0,False,True,1,[],local_obstruction
12.72.2-12.k.1.3,,12,72,2,0,False,True,1,[],local_obstruction
12.72.2-12.k.1.4,,12,72,2,0,False,True,1,[],local_obstruction
12.72.2-12.m.1.1,,12,72,2,0,False,True,1,[],local_obstruction
12.72.2-12.m.1.2,,12,72,2,0,False,True,1,[],local_obstruction
12.72.2-12.m.1.3,,12,72,2,0,False,True,1,[],local_obstruction
12.72.2-12.m.1.4,,12,72,2,0,False,True,1,[],local_obstruction
12.72.2-12.o.1.1,,12,72,2,0,False,True,1,[],local_obstruction
12.72.2-12.o.1.2,,12,72,2,0,False,True,1,[],local_obstruction
12.72.2-12.o.1.3,,12,72,2,0,False,True,1,[],local_obstruction
12.72.2-12.o.1.4,,12,72,2,0,False,True,1,[],local_obstruction
12.72.2.g.1,,12,72,2,0,False,True,1,[0],local_obstruction
12.72.2.j.1,,12,72,2,0,False,True,1,[0],local_obstruction
12.72.2.k.1,,12,72,2,0,False,True,1,[0],local_obstruction
12.72.2.n.1,,12,72,2,0,False,True,1,[0],local_obstruction
13.168.2-13.a.1.1,,13,168,2,0,True,True,1,[],local_obstruction
13.168.2-13.a.1.2,,13,168,2,0,True,True,1,[],local_obstruction
13.168.2-13.a.2.1,,13,168,2,0,True,True,1,[],local_obstruction
13.168.2-13.a.2.2,,13,168,2,0,True,True,1,[],local_obstruction
13.168.2-13.b.2.2,X1(13),13,168,2,0,True,False,-1,[],named_family
13.168.2-13.c.1.1,,13,168,2,0,True,True,1,[],local_obstruction
13.168.2-13.c.1.2,,13,168,2,0,True,True,1,[],local_obstruction
13.168.2-13.c.2.1,,13,168,2,0,True,True,1,[],local_obstruction
13.168.2-13.c.2.2,,13,168,2,0,True,True,1,[],local_obstruction
13.84.2.a.1,,13,84,2,0,True,True,1,[2],local_obstruction
13.84.2.a.2,,13,84,2,0,True,True,1,[2],local_obstruction
13.84.2.b.2,Xpm1(13),13,84,2,0,True,False,-1,[],named_family
13.84.2.c.1,,13,84,2,0,True,True,1,[3],local_obstruction
13.84.2.c.2,,13,84,2,0,True,True,1,[3],local_obstruction
14.48.2.d.1,,14,48,2,0,False,True,1,[5],local_obstruction
14.96.2-14.d.1.1,,14,96,2,0,False,True,1,[],local_obstruction
14.96.2-14.d.1.2,,14,96,2,0,False,True,1,[],local_obstruction
15.36.2.b.1,,15,36,2,0,True,True,1,[0],local_obstruction
15.36.2.b.2,,15,36,2,0,True,True,1,[0],local_obstruction
16.192.2-16.l.1.1,X1(16),16,192,2,0,True,False,-1,[],named_family
16.48.2.b.1,,16,48,2,0,False,True,1,"[3, 11]",local_obstruction
16.48.2.bf.1,,16,48,2,0,False,True,1,[0],local_obstruction
16.48.2.bj.1,,16,48,2,0,False,True,1,[0],local_obstruction
16.48.2.f.1,,16,48,2,0,False,True,1,"[3, 11]",local_obstruction
16.48.2.h.1,,16,48,2,0,False,True,1,"[3, 11]",local_obstruction
16.48.2.i.1,,16,48,2,0,False,True,1,"[3, 11]",local_obstruction
16.48.2.j.1,,16,48,2,0,False,True,1,"[3, 11]",local_obstruction
16.48.2.q.1,,16,48,2,0,False,True,1,[0],local_obstruction
16.48.2.v.1,,16,48,2,0,False,True,1,[0],local_obstruction
16.96.2-16.b.1.1,,16,96,2,0,False,True,1,[],local_obstruction
16.96.2-16.b.1.2,,16,96,2,0,False,True,1,[],local_obstruction
16.96.2-16.b.1.3,,16,96,2,0,False,True,1,[],local_obstruction
16.96.2-16.b.1.4,,16,96,2,0,False,True,1,[],local_obstruction
16.96.2-16.bj.1.1,,16,96,2,0,False,True,1,[],local_obstruction
16.96.2-16.bj.1.2,,16,96,2,0,False,True,1,[],local_obstruction
16.96.2-16.bj.1.3,,16,96,2,0,False,True,1,[],local_obstruction
16.96.2-16.bj.1.4,,16,96,2,0,False,True,1,[],local_obstruction
16.96.2-16.h.1.1,,16,96,2,0,False,True,1,[],local_obstruction
16.96.2-16.h.1.2,,16,96,2,0,False,True,1,[],local_obstruction
16.96.2-16.h.1.3,,16,96,2,0,False,True,1,[],local_obstruction
16.96.2-16.h.1.4,,16,96,2,0,False,True,1,[],local_obstruction
16.96.2-16.i.1.1,,16,96,2,0,False,True,1,[],local_obstruction
16.96.2-16.i.1.2,,16,96,2,0,False,True,1,[],local_obstruction
16.96.2-16.i.1.3,,16,96,2,0,False,True,1,[],local_obstruction
16.96.2-16.i.1.4,,16,96,2,0,False,True,1,[],local_obstruction
16.96.2-16.i.1.5,,16,96,2,0,False,True,1,[],local_obstruction
16.96.2-16.i.1.6,,16,96,2,0,False,True,1,[],local_obstruction
16.96.2-16.i.1.7,,16,96,2,0,False,True,1,[],local_obstruction
16.96.2-16.i.1.8,,16,96,2,0,False,True,1,[],local_obstruction
16.96.2-16.q.1.1,,16,96,2,0,False,True,1,[],local_obstruction
16.96.2-16.q.1.2,,16,96,2,0,False,True,1,[],local_obstruction
16.96.2-16.q.1.3,,16,96,2,0,False,True,1,[],local_obstruction
16.96.2-16.q.1.4,,16,96,2,0,False,True,1,[],local_obstruction
16.96.2.l.1,Xpm1(16),16,96,2,0,True,False,-1,[],named_family
18.108.2.d.1,Xpm1(18),18,108,2,0,True,False,-1,[],named_family
18.144.2-18.d.1.1,,18,144,2,0,False,True,1,[],local_obstruction
18.144.2-18.d.1.2,,18,144,2,0,False,True,1,[],local_obstruction
18.216.2-18.d.1.1,X1(18),18,216,2,0,True,False,-1,[],named_family
18.54.2.c.1,,18,54,2,0,False,True,1,"[0, 5]",local_obstruction
18.54.2.d.1,,18,54,2,0,True,True,1,[0],local_obstruction
18.72.2.d.1,,18,72,2,0,False,True,1,[5],local_obstruction
22.36.2.a.1,X0(22),22,36,2,0,False,False,-1,[],named_family
23.24.2.a.1,X0(23),23,24,2,0,True,False,-1,[],named_family
24.36.2.bh.1,,24,36,2,0,False,True,1,[0],local_obstruction
24.36.2.bq.1,,24,36,2,0,False,True,1,[7],local_obstruction
24.36.2.bt.1,,24,36,2,0,False,True,1,"[0, 7]",local_obstruction
24.36.2.bw.1,,24,36,2,0,False,True,1,[7],local_obstruction
24.36.2.cd.1,,24,36,2,0,False,True,1,[0],local_obstruction
24.36.2.ce.1,,24,36,2,0,False,True,1,[7],local_obstruction
24.36.2.cg.1,,24,36,2,0,False,True,1,[7],local_obstruction
24.36.2.db.1,,24,36,2,0,False,True,1,[0],local_obstruction
24.36.2.dg.1,,24,36,2,0,False,True,1,[0],local_obstruction
24.36.2.di.1,,24,36,2,0,False,True,1,[0],local_obstruction
24.36.2.dr.1,,24,36,2,0,False,True,1,[0],local_obstruction
24.36.2.ez.1,,24,36,2,0,False,True,1,[0],local_obstruction
24.36.2.fo.1,,24,36,2,0,False,True,1,[0],local_obstruction
24.36.2.fw.1,,24,36,2,0,False,True,1,[7],local_obstruction
24.36.2.gb.1,,24,36,2,0,False,True,1,[7],local_obstruction
24.36.2.gd.1,,24,36,2,0,False,True,1,[7],local_obstruction
24.36.2.i.1,,24,36,2,0,False,True,1,"[0, 7]",local_obstruction
24.36.2.k.1,,24,36,2,0,False,True,1,[7],local_obstruction
24.36.2.l.1,,24,36,2,0,False,True,1,[0],local_obstruction
24.36.2.m.1,,24,36,2,0,False,True,1,[0],local_obstruction
24.36.2.p.1,,24,36,2,0,False,True,1,[0],local_obstruction
24.36.2.r.1,,24,36,2,0,False,True,1,[0],local_obstruction
24.36.2.u.1,,24,36,2,0,False,True,1,[7],local_obstruction
24.36.2.w.1,,24,36,2,0,False,True,1,"[0, 7]",local_obstruction
24.48.2-12.a.1.1,,24,48,2,0,False,True,1,[],local_obstruction
24.48.2-12.a.1.2,,24,48,2,0,False,True,1,[],local_obstruction
24.48.2-12.a.1.3,,24,48,2,0,False,True,1,[],local_obstruction
24.48.2-12.a.1.4,,24,48,2,0,False,True,1,[],local_obstruction
24.72.2-12.i.1.1,,24,72,2,0,False,True,1,[],local_obstruction
24.72.2-12.i.1.10,,24,72,2,0,False,True,1,[],local_obstruction
24.72.2-12.i.1.11,,24,72,2,0,False,True,1,[],local_obstruction
24.72.2-12.i.1.12,,24,72,2,0,False,True,1,[],local_obstruction
24.72.2-12.i.1.2,,24,72,2,0,False,True,1,[],local_obstruction
24.72.2-12.i.1.3,,24,72,2,0,False,True,1,[],local_obstruction
24.72.2-12.i.1.4,,24,72,2,0,False,True,1,[],local_obstruction
24.72.2-12.i.1.5,,24,72,2,0,False,True,1,[],local_obstruction
24.72.2-12.i.1.6,,24,72,2,0,False,True,1,[],local_obstruction
24.72.2-12.i.1.7,,24,72,2,0,False,True,1,[],local_obstruction
24.72.2-12.i.1.8,,24,72,2,0,False,True,1,[],local_obstruction
24.72.2-12.i.1.9,,24,72,2,0,False,True,1,[],local_obstruction
24.72.2-12.j.1.1,,24,72,2,0,False,True,1,[],local_obstruction
24.72.2-12.j.1.2,,24,72,2,0,False,True,1,[],local_obstruction
24.72.2-12.j.1.3,,24,72,2,0,False,True,1,[],local_obstruction
24.72.2-12.j.1.4,,24,72,2,0,False,True,1,[],local_obstruction
24.72.2-12.k.1.1,,24,72,2,0,False,True,1,[],local_obstruction
24.72.2-12.k.1.2,,24,72,2,0,False,True,1,[],local_obstruction
24.72.2-12.k.1.3,,24,72,2,0,False,True,1,[],local_obstruction
24.72.2-12.k.1.4,,24,72,2,0,False,True,1,[],local_obstruction
24.72.2-12.m.1.1,,24,72,2,0,False,True,1,[],local_obstruction
24.72.2-12.m.1.2,,24,72,2,0,False,True,1,[],local_obstruction
24.72.2-12.m.1.3,,24,72,2,0,False,True,1,[],local_obstruction
24.72.2-12.m.1.4,,24,72,2,0,False,True,1,[],local_obstruction
24.72.2-12.o.1.1,,24,72,2,0,False,True,1,[],local_obstruction
24.72.2-12.o.1.2,,24,72,2,0,False,True,1,[],local_obstruction
24.72.2-12.o.1.3,,24,72,2,0,False,True,1,[],local_obstruction
24.72.2-12.o.1.4,,24,72,2,0,False,True,1,[],local_obstruction
24.72.2-12.q.1.1,,24,72,2,0,False,True,1,[],local_obstruction
24.72.2-12.q.1.2,,24,72,2,0,False,True,1,[],local_obstruction
24.72.2-12.q.1.3,,24,72,2,0,False,True,1,[],local_obstruction
24.72.2-12.q.1.4,,24,72,2,0,False,True,1,[],local_obstruction
24.72.2-12.q.1.5,,24,72,2,0,False,True,1,[],local_obstruction
24.72.2-12.q.1.6,,24,72,2,0,False,True,1,[],local_obstruction
24.72.2-12.q.1.7,,24,72,2,0,False,True,1,[],local_obstruction
24.72.2-12.q.1.8,,24,72,2,0,False,True,1,[],local_obstruction
24.72.2-12.r.1.1,,24,72,2,0,False,True,1,[],local_obstruction
24.72.2-12.r.1.2,,24,72,2,0,False,True,1,[],local_obstruction
24.72.2-12.r.1.3,,24,72,2,0,False,True,1,[],local_obstruction
24.72.2-12.r.1.4,,24,72,2,0,False,True,1,[],local_obstruction
24.72.2-12.r.1.5,,24,72,2,0,False,True,1,[],local_obstruction
24.72.2-12.r.1.6,,24,72,2,0,False,True,1,[],local_obstruction
24.72.2-12.r.1.7,,24,72,2,0,False,True,1,[],local_obstruction
24.72.2-12.r.1.8,,24,72,2,0,False,True,1,[],local_obstruction
24.72.2-12.u.1.1,,24,72,2,0,False,True,1,[],local_obstruction
24.72.2-12.u.1.2,,24,72,2,0,False,True,1,[],local_obstruction
24.72.2-12.u.1.3,,24,72,2,0,False,True,1,[],local_obstruction
24.72.2-12.u.1.4,,24,72,2,0,False,True,1,[],local_obstruction
24.72.2-12.u.1.5,,24,72,2,0,False,True,1,[],local_obstruction
24.72.2-12.u.1.6,,24,72,2,0,False,True,1,[],local_obstruction
24.72.2-12.u.1.7,,24,72,2,0,False,True,1,[],local_obstruction
24.72.2-12.u.1.8,,24,72,2,0,False,True,1,[],local_obstruction
24.72.2-12.z.1.1,,24,72,2,0,False,True,1,[],local_obstruction
24.72.2-12.z.1.2,,24,72,2,0,False,True,1,[],local_obstruction
24.72.2-12.z.1.3,,24,72,2,0,False,True,1,[],local_obstruction
24.72.2-12.z.1.4,,24,72,2,0,False,True,1,[],local_obstruction
24.72.2-12.z.1.5,,24,72,2,0,False,True,1,[],local_obstruction
24.72.2-12.z.1.6,,24,72,2,0,False,True,1,[],local_obstruction
24.72.2-12.z.1.7,,24,72,2,0,False,True,1,[],local_obstruction
24.72.2-12.z.1.8,,24,72,2,0,False,True,1,[],local_obstruction
24.72.2-24.bh.1.1,,24,72,2,0,False,True,1,[],local_obstruction
24.72.2-24.bh.1.2,,24,72,2,0,False,True,1,[],local_obstruction
24.72.2-24.bh.1.3,,24,72,2,0,False,True,1,[],local_obstruction
24.72.2-24.bh.1.4,,24,72,2,0,False,True,1,[],local_obstruction
24.72.2-24.bh.1.5,,24,72,2,0,False,True,1,[],local_obstruction
24.72.2-24.bh.1.6,,24,72,2,0,False,True,1,[],local_obstruction
24.72.2-24.bh.1.7,,24,72,2,0,False,True,1,[],local_obstruction
24.72.2-24.bh.1.8,,24,72,2,0,False,True,1,[],local_obstruction
24.72.2-24.bq.1.1,,24,72,2,0,False,True,1,[],local_obstruction
24.72.2-24.bq.1.2,,24,72,2,0,False,True,1,[],local_obstruction
24.72.2-24.bq.1.3,,24,72,2,0,False,True,1,[],local_obstruction
24.72.2-24.bq.1.4,,24,72,2,0,False,True,1,[],local_obstruction
24.72.2-24.bq.1.5,,24,72,2,0,False,True,1,[],local_obstruction
24.72.2-24.bq.1.6,,24,72,2,0,False,True,1,[],local_obstruction
24.72.2-24.bq.1.7,,24,72,2,0,False,True,1,[],local_obstruction
24.72.2-24.bq.1.8,,24,72,2,0,False,True,1,[],local_obstruction
24.72.2-24.bt.1.1,,24,72,2,0,False,True,1,[],local_obstruction
24.72.2-24.bt.1.2,,24,72,2,0,False,True,1,[],local_obstruction
24.72.2-24.bt.1.3,,24,72,2,0,False,True,1,[],local_obstruction
24.72.2-24.bt.1.4,,24,72,2,0,False,True,1,[],local_obstruction
24.72.2-24.bt.1.5,,24,72,2,0,False,True,1,[],local_obstruction
24.72.2-24.bt.1.6,,24,72,2,0,False,True,1,[],local_obstruction
24.72.2-24.bt.1.7,,24,72,2,0,False,True,1,[],local_obstruction
24.72.2-24.bt.1.8,,24,72,2,0,False,True,1,[],local_obstruction
24.72.2-24.bw.1.1,,24,72,2,0,False,True,1,[],local_obstruction
24.72.2-24.bw.1.2,,24,72,2,0,False,True,1,[],local_obstruction
24.72.2-24.bw.1.3,,24,72,2,0,False,True,1,[],local_obstruction
24.72.2-24.bw.1.4,,24,72,2,0,False,True,1,[],local_obstruction
24.72.2-24.bw.1.5,,24,72,2,0,False,True,1,[],local_obstruction
24.72.2-24.bw.1.6,,24,72,2,0,False,True,1,[],local_obstruction
24.72.2-24.bw.1.7,,24,72,2,0,False,True,1,[],local_obstruction
24.72.2-24.bw.1.8,,24,72,2,0,False,True,1,[],local_obstruction
24.72.2-24.db.1.1,,24,72,2,0,False,True,1,[],local_obstruction
24.72.2-24.db.1.2,,24,72,2,0,False,True,1,[],local_obstruction
24.72.2-24.db.1.3,,24,72,2,0,False,True,1,[],local_obstruction
24.72.2-24.db.1.4,,24,72,2,0,False,True,1,[],local_obstruction
24.72.2-24.db.1.5,,24,72,2,0,False,True,1,[],local_obstruction
24.72.2-24.db.1.6,,24,72,2,0,False,True,1,[],local_obstruction
24.72.2-24.db.1.7,,24,72,2,0,False,True,1,[],local_obstruction
24.72.2-24.db.1.8,,24,72,2,0,False,True,1,[],local_obstruction
24.72.2-24.i.1.1,,24,72,2,0,False,True,1,[],local_obstruction
24.72.2-24.i.1.2,,24,72,2,0,False,True,1,[],local_obstruction
24.72.2-24.i.1.3,,24,72,2,0,False,True,1,[],local_obstruction
24.72.2-24.i.1.4,,24,72,2,0,False,True,1,[],local_obstruction
24.72.2-24.i.1.5,,24,72,2,0,False,True,1,[],local_obstruction
24.72.2-24.i.1.6,,24,72,2,0,False,True,1,[],local_obstruction
24.72.2-24.i.1.7,,24,72,2,0,False,True,1,[],local_obstruction
24.72.2-24.i.1.8,,24,72,2,0,False,True,1,[],local_obstruction
24.72.2.bc.1,,24,72,2,0,False,True,1,[0],local_obstruction
24.72.2.bv.1,,24,72,2,0,False,True,1,[0],local_obstruction
24.72.2.ca.1,,24,72,2,0,False,True,1,[0],local_obstruction
24.72.2.cg.1,,24,72,2,0,False,True,1,[0],local_obstruction
24.72.2.ck.1,,24,72,2,0,False,True,1,[0],local_obstruction
24.72.2.cq.1,,24,72,2,0,False,True,1,[0],local_obstruction
24.72.2.ct.1,,24,72,2,0,False,True,1,[0],local_obstruction
24.72.2.cz.1,,24,72,2,0,False,True,1,[0],local_obstruction
24.72.2.dj.1,,24,72,2,0,False,True,1,[0],local_obstruction
24.72.2.dq.1,,24,72,2,0,False,True,1,[0],local_obstruction
24.72.2.du.1,,24,72,2,0,False,True,1,[0],local_obstruction
24.72.2.dx.1,,24,72,2,0,False,True,1,[0],local_obstruction
24.72.2.ea.1,,24,72,2,0,False,True,1,[0],local_obstruction
24.72.2.em.1,,24,72,2,0,False,True,1,[0],local_obstruction
24.72.2.ep.1,,24,72,2,0,False,True,1,[7],local_obstruction
24.72.2.es.1,,24,72,2,0,False,True,1,[7],local_obstruction
24.72.2.et.1,,24,72,2,0,False,True,1,[0],local_obstruction
24.72.2.ex.1,,24,72,2,0,False,True,1,[7],local_obstruction
24.72.2.ey.1,,24,72,2,0,False,True,1,[0],local_obstruction
24.72.2.fa.1,,24,72,2,0,False,True,1,[7],local_obstruction
24.72.2.fd.1,,24,72,2,0,False,True,1,[0],local_obstruction
24.72.2.fe.1,,24,72,2,0,False,True,1,[0],local_obstruction
24.72.2.fj.1,,24,72,2,0,False,True,1,[0],local_obstruction
24.72.2.fo.1,,24,72,2,0,False,True,1,[0],local_obstruction
24.72.2.ft.1,,24,72,2,0,False,True,1,[0],local_obstruction
24.72.2.fx.1,,24,72,2,0,False,True,1,[0],local_obstruction
24.72.2.ga.1,,24,72,2,0,False,True,1,[0],local_obstruction
24.72.2.gd.1,,24,72,2,0,False,True,1,[0],local_obstruction
24.72.2.gg.1,,24,72,2,0,False,True,1,[0],local_obstruction
24.72.2.gk.1,,24,72,2,0,False,True,1,[7],local_obstruction
24.72.2.gp.1,,24,72,2,0,False,True,1,[7],local_obstruction
24.72.2.gs.1,,24,72,2,0,False,True,1,[7],local_obstruction
24.72.2.gt.1,,24,72,2,0,False,True,1,[0],local_obstruction
24.72.2.gx.1,,24,72,2,0,False,True,1,[7],local_obstruction
24.72.2.hb.1,,24,72,2,0,False,True,1,"[0, 7]",local_obstruction
24.72.2.he.1,,24,72,2,0,False,True,1,"[0, 7]",local_obstruction
24.72.2.hi.1,,24,72,2,0,True,True,1,[0],local_obstruction
24.72.2.hi.2,,24,72,2,0,True,True,1,[0],local_obstruction
24.72.2.hk.1,,24,72,2,0,True,True,1,[0],local_obstruction
24.72.2.hk.2,,24,72,2,0,True,True,1,[0],local_obstruction
24.72.2.hm.1,,24,72,2,0,True,True,1,[0],local_obstruction
24.72.2.hm.2,,24,72,2,0,True,True,1,[0],local_obstruction
24.72.2.ho.1,,24,72,2,0,True,True,1,[0],local_obstruction
24.72.2.ho.2,,24,72,2,0,True,True,1,[0],local_obstruction
24.72.2.hr.1,,24,72,2,0,False,True,1,[7],local_obstruction
24.72.2.ht.1,,24,72,2,0,False,True,1,[0],local_obstruction
24.72.2.hu.1,,24,72,2,0,False,True,1,[7],local_obstruction
24.72.2.hz.1,,24,72,2,0,False,True,1,[0],local_obstruction
24.72.2.i.1,,24,72,2,0,False,True,1,[0],local_obstruction
24.72.2.ic.1,,24,72,2,0,False,True,1,[0],local_obstruction
24.72.2.ij.1,,24,72,2,0,False,True,1,[0],local_obstruction
24.72.2.im.1,,24,72,2,0,False,True,1,[0],local_obstruction
24.72.2.iq.1,,24,72,2,0,False,True,1,[0],local_obstruction
24.72.2.iv.1,,24,72,2,0,False,True,1,[0],local_obstruction
24.72.2.iw.1,,24,72,2,0,False,True,1,[0],local_obstruction
24.72.2.jb.1,,24,72,2,0,False,True,1,[0],local_obstruction
24.72.2.je.1,,24,72,2,0,False,True,1,[7],local_obstruction
24.72.2.jj.1,,24,72,2,0,False,True,1,[7],local_obstruction
24.72.2.jm.1,,24,72,2,0,False,True,1,"[0, 7]",local_obstruction
24.72.2.jr.1,,24,72,2,0,False,True,1,"[0, 7]",local_obstruction
24.72.2.k.1,,24,72,2,0,False,True,1,[0],local_obstruction
24.72.2.p.1,,24,72,2,0,False,True,1,[0],local_obstruction
24.72.2.v.1,,24,72,2,0,False,True,1,[0],local_obstruction
24.72.2.w.1,,24,72,2,0,False,True,1,[0],local_obstruction
24.72.2.z.1,,24,72,2,0,False,True,1,[0],local_obstruction
26.168.2-13.a.1.1,,26,168,2,0,True,True,1,[],local_obstruction
26.168.2-13.a.1.2,,26,168,2,0,True,True,1,[],local_obstruction
26.168.2-13.a.2.1,,26,168,2,0,True,True,1,[],local_obstruction
26.168.2-13.a.2.2,,26,168,2,0,True,True,1,[],local_obstruction
26.168.2-13.c.1.1,,26,168,2,0,True,True,1,[],local_obstruction
26.168.2-13.c.1.2,,26,168,2,0,True,True,1,[],local_obstruction
26.168.2-13.c.2.1,,26,168,2,0,True,True,1,[],local_obstruction
26.168.2-13.c.2.2,,26,168,2,0,True,True,1,[],local_obstruction
26.42.2.a.1,X0(26),26,42,2,0,False,False,-1,[],named_family
28.48.2.c.1,X0(28),28,48,2,0,False,False,-1,[],named_family
28.48.2.e.1,,28,48,2,0,False,True,1,[5],local_obstruction
28.96.2-14.d.1.1,,28,96,2,0,False,True,1,[],local_obstruction
28.96.2-14.d.1.2,,28,96,2,0,False,True,1,[],local_obstruction
28.96.2-14.d.1.3,,28,96,2,0,False,True,1,[],local_obstruction
28.96.2-14.d.1.4,,28,96,2,0,False,True,1,[],local_obstruction
28.96.2-28.e.1.1,,28,96,2,0,False,True,1,[],local_obstruction
28.96.2-28.e.1.2,,28,96,2,0,False,True,1,[],local_obstruction
28.96.2-28.e.1.3,,28,96,2,0,False,True,1,[],local_obstruction
28.96.2-28.e.1.4,,28,96,2,0,False,True,1,[],local_obstruction
28.96.2-28.e.1.5,,28,96,2,0,False,True,1,[],local_obstruction
28.96.2-28.e.1.6,,28,96,2,0,False,True,1,[],local_obstruction
29.30.2.a.1,X0(29),29,30,2,0,True,False,-1,[],named_family
31.32.2.a.1,X0(31),31,32,2,0,True,False,-1,[],named_family
32.96.2-16.f.1.1,,32,96,2,0,False,True,1,[],local_obstruction
32.96.2-16.f.1.2,,32,96,2,0,False,True,1,[],local_obstruction
32.96.2-16.j.1.1,,32,96,2,0,False,True,1,[],local_obstruction
32.96.2-16.j.1.2,,32,96,2,0,False,True,1,[],local_obstruction
36.144.2-18.d.1.1,,36,144,2,0,False,True,1,[],local_obstruction
36.144.2-18.d.1.2,,36,144,2,0,False,True,1,[],local_obstruction
36.144.2-18.d.1.3,,36,144,2,0,False,True,1,[],local_obstruction
36.144.2-18.d.1.4,,36,144,2,0,False,True,1,[],local_obstruction
36.144.2-36.b.1.1,,36,144,2,0,False,True,1,[],local_obstruction
36.144.2-36.b.1.2,,36,144,2,0,False,True,1,[],local_obstruction
36.144.2-36.b.1.3,,36,144,2,0,False,True,1,[],local_obstruction
36.144.2-36.b.1.4,,36,144,2,0,False,True,1,[],local_obstruction
36.144.2-36.b.1.5,,36,144,2,0,False,True,1,[],local_obstruction
36.144.2-36.b.1.6,,36,144,2,0,False,True,1,[],local_obstruction
36.54.2.e.1,,36,54,2,0,False,True,1,[5],local_obstruction
36.54.2.f.1,,36,54,2,0,False,True,1,[0],local_obstruction
36.72.2.b.1,,36,72,2,0,False,True,1,[5],local_obstruction
39.168.2-13.a.1.1,,39,168,2,0,True,True,1,[],local_obstruction
39.168.2-13.a.1.2,,39,168,2,0,True,True,1,[],local_obstruction
39.168.2-13.a.2.1,,39,168,2,0,True,True,1,[],local_obstruction
39.168.2-13.a.2.2,,39,168,2,0,True,True,1,[],local_obstruction
39.168.2-13.c.1.1,,39,168,2,0,True,True,1,[],local_obstruction
39.168.2-13.c.1.2,,39,168,2,0,True,True,1,[],local_obstruction
39.168.2-13.c.2.1,,39,168,2,0,True,True,1,[],local_obstruction
39.168.2-13.c.2.2,,39,168,2,0,True,True,1,[],local_obstruction
39.84.2.a.1,,39,84,2,0,True,True,1,[0],local_obstruction
39.84.2.a.2,,39,84,2,0,True,True,1,[0],local_obstruction
39.84.2.b.1,,39,84,2,0,True,True,1,"[0, 2]",local_obstruction
39.84.2.b.2,,39,84,2,0,True,True,1,"[0, 2]",local_obstruction
39.84.2.c.1,,39,84,2,0,True,True,1,[0],local_obstruction
39.84.2.c.2,,39,84,2,0,True,True,1,[0],local_obstruction
40.48.2.c.1,,40,48,2,0,True,True,1,[3],local_obstruction
40.60.2.b.1,,40,60,2,0,False,True,1,[0],local_obstruction
40.96.2-40.c.1.1,,40,96,2,0,True,True,1,[],local_obstruction
40.96.2-40.c.1.10,,40,96,2,0,True,True,1,[],local_obstruction
40.96.2-40.c.1.11,,40,96,2,0,True,True,1,[],local_obstruction
40.96.2-40.c.1.12,,40,96,2,0,True,True,1,[],local_obstruction
40.96.2-40.c.1.13,,40,96,2,0,True,True,1,[],local_obstruction
40.96.2-40.c.1.14,,40,96,2,0,True,True,1,[],local_obstruction
40.96.2-40.c.1.15,,40,96,2,0,True,True,1,[],local_obstruction
40.96.2-40.c.1.16,,40,96,2,0,True,True,1,[],local_obstruction
40.96.2-40.c.1.2,,40,96,2,0,True,True,1,[],local_obstruction
40.96.2-40.c.1.3,,40,96,2,0,True,True,1,[],local_obstruction
40.96.2-40.c.1.4,,40,96,2,0,True,True,1,[],local_obstruction
40.96.2-40.c.1.5,,40,96,2,0,True,True,1,[],local_obstruction
40.96.2-40.c.1.6,,40,96,2,0,True,True,1,[],local_obstruction
40.96.2-40.c.1.7,,40,96,2,0,True,True,1,[],local_obstruction
40.96.2-40.c.1.8,,40,96,2,0,True,True,1,[],local_obstruction
40.96.2-40.c.1.9,,40,96,2,0,True,True,1,[],local_obstruction
42.48.2.g.1,,42,48,2,0,False,True,1,[5],local_obstruction
42.96.2-14.d.1.1,,42,96,2,0,False,True,1,[],local_obstruction
42.96.2-14.d.1.2,,42,96,2,0,False,True,1,[],local_obstruction
42.96.2-42.g.1.1,,42,96,2,0,False,True,1,[],local_obstruction
42.96.2-42.g.1.2,,42,96,2,0,False,True,1,[],local_obstruction
42.96.2-42.g.1.3,,42,96,2,0,False,True,1,[],local_obstruction
42.96.2-42.g.1.4,,42,96,2,0,False,True,1,[],local_obstruction
45.54.2.a.1,,45,54,2,0,True,True,1,[0],local_obstruction
48.48.2.a.1,,48,48,2,0,False,True,1,[11],local_obstruction
48.48.2.bg.1,,48,48,2,0,False,True,1,[0],local_obstruction
48.48.2.bq.1,,48,48,2,0,False,True,1,[0],local_obstruction
48.48.2.bv.1,,48,48,2,0,False,True,1,[0],local_obstruction
48.48.2.bw.1,,48,48,2,0,False,True,1,[11],local_obstruction
48.48.2.bw.2,,48,48,2,0,False,True,1,[11],local_obstruction
48.48.2.bx.1,,48,48,2,0,False,True,1,[11],local_obstruction
48.48.2.bx.2,,48,48,2,0,False,True,1,[11],local_obstruction
48.48.2.ch.1,,48,48,2,0,False,True,1,[11],local_obstruction
48.48.2.ch.2,,48,48,2,0,False,True,1,[11],local_obstruction
48.48.2.cj.1,,48,48,2,0,False,True,1,[11],local_obstruction
48.48.2.cj.2,,48,48,2,0,False,True,1,[11],local_obstruction
48.48.2.cs.1,,48,48,2,0,False,True,1,[0],local_obstruction
48.48.2.e.1,,48,48,2,0,False,True,1,[11],local_obstruction
48.48.2.ed.1,,48,48,2,0,False,True,1,[0],local_obstruction
48.48.2.eg.1,,48,48,2,0,False,True,1,[0],local_obstruction
48.48.2.em.1,,48,48,2,0,False,True,1,[0],local_obstruction
48.48.2.n.1,,48,48,2,0,False,True,1,[11],local_obstruction
48.48.2.o.1,,48,48,2,0,False,True,1,[11],local_obstruction
48.48.2.p.1,,48,48,2,0,False,True,1,[11],local_obstruction
48.48.2.u.1,,48,48,2,0,False,True,1,[0],local_obstruction
48.96.2-16.b.1.1,,48,96,2,0,False,True,1,[],local_obstruction
48.96.2-16.b.1.2,,48,96,2,0,False,True,1,[],local_obstruction
48.96.2-16.b.1.3,,48,96,2,0,False,True,1,[],local_obstruction
48.96.2-16.b.1.4,,48,96,2,0,False,True,1,[],local_obstruction
48.96.2-16.bj.1.1,,48,96,2,0,False,True,1,[],local_obstruction
48.96.2-16.bj.1.2,,48,96,2,0,False,True,1,[],local_obstruction
48.96.2-16.bj.1.3,,48,96,2,0,False,True,1,[],local_obstruction
48.96.2-16.bj.1.4,,48,96,2,0,False,True,1,[],local_obstruction
48.96.2-16.h.1.1,,48,96,2,0,False,True,1,[],local_obstruction
48.96.2-16.h.1.2,,48,96,2,0,False,True,1,[],local_obstruction
48.96.2-16.h.1.3,,48,96,2,0,False,True,1,[],local_obstruction
48.96.2-16.h.1.4,,48,96,2,0,False,True,1,[],local_obstruction
48.96.2-16.i.1.1,,48,96,2,0,False,True,1,[],local_obstruction
48.96.2-16.i.1.2,,48,96,2,0,False,True,1,[],local_obstruction
48.96.2-16.i.1.3,,48,96,2,0,False,True,1,[],local_obstruction
48.96.2-16.i.1.4,,48,96,2,0,False,True,1,[],local_obstruction
48.96.2-16.i.1.5,,48,96,2,0,False,True,1,[],local_obstruction
48.96.2-16.i.1.6,,48,96,2,0,False,True,1,[],local_obstruction
48.96.2-16.i.1.7,,48,96,2,0,False,True,1,[],local_obstruction
48.96.2-16.i.1.8,,48,96,2,0,False,True,1,[],local_obstruction
48.96.2-16.q.1.1,,48,96,2,0,False,True,1,[],local_obstruction
48.96.2-16.q.1.2,,48,96,2,0,False,True,1,[],local_obstruction
48.96.2-16.q.1.3,,48,96,2,0,False,True,1,[],local_obstruction
48.96.2-16.q.1.4,,48,96,2,0,False,True,1,[],local_obstruction
48.96.2-48.a.1.1,,48,96,2,0,False,True,1,[],local_obstruction
48.96.2-48.a.1.2,,48,96,2,0,False,True,1,[],local_obstruction
48.96.2-48.a.1.3,,48,96,2,0,False,True,1,[],local_obstruction
48.96.2-48.a.1.4,,48,96,2,0,False,True,1,[],local_obstruction
48.96.2-48.a.1.5,,48,96,2,0,False,True,1,[],local_obstruction
48.96.2-48.a.1.6,,48,96,2,0,False,True,1,[],local_obstruction
48.96.2-48.a.1.7,,48,96,2,0,False,True,1,[],local_obstruction
48.96.2-48.a.1.8,,48,96,2,0,False,True,1,[],local_obstruction
48.96.2-48.bg.1.1,,48,96,2,0,False,True,1,[],local_obstruction
48.96.2-48.bg.1.2,,48,96,2,0,False,True,1,[],local_obstruction
48.96.2-48.bg.1.3,,48,96,2,0,False,True,1,[],local_obstruction
48.96.2-48.bg.1.4,,48,96,2,0,False,True,1,[],local_obstruction
48.96.2-48.bg.1.5,,48,96,2,0,False,True,1,[],local_obstruction
48.96.2-48.bg.1.6,,48,96,2,0,False,True,1,[],local_obstruction
48.96.2-48.bg.1.7,,48,96,2,0,False,True,1,[],local_obstruction
48.96.2-48.bg.1.8,,48,96,2,0,False,True,1,[],local_obstruction
48.96.2-48.bq.1.1,,48,96,2,0,False,True,1,[],local_obstruction
48.96.2-48.bq.1.2,,48,96,2,0,False,True,1,[],local_obstruction
48.96.2-48.bq.1.3,,48,96,2,0,False,True,1,[],local_obstruction
48.96.2-48.bq.1.4,,48,96,2,0,False,True,1,[],local_obstruction
48.96.2-48.bq.1.5,,48,96,2,0,False,True,1,[],local_obstruction
48.96.2-48.bq.1.6,,48,96,2,0,False,True,1,[],local_obstruction
48.96.2-48.bq.1.7,,48,96,2,0,False,True,1,[],local_obstruction
48.96.2-48.bq.1.8,,48,96,2,0,False,True,1,[],local_obstruction
48.96.2-48.n.1.1,,48,96,2,0,False,True,1,[],local_obstruction
48.96.2-48.n.1.2,,48,96,2,0,False,True,1,[],local_obstruction
48.96.2-48.n.1.3,,48,96,2,0,False,True,1,[],local_obstruction
48.96.2-48.n.1.4,,48,96,2,0,False,True,1,[],local_obstruction
48.96.2-48.n.1.5,,48,96,2,0,False,True,1,[],local_obstruction
48.96.2-48.n.1.6,,48,96,2,0,False,True,1,[],local_obstruction
48.96.2-48.n.1.7,,48,96,2,0,False,True,1,[],local_obstruction
48.96.2-48.n.1.8,,48,96,2,0,False,True,1,[],local_obstruction
48.96.2-48.o.1.1,,48,96,2,0,False,True,1,[],local_obstruction
48.96.2-48.o.1.10,,48,96,2,0,False,True,1,[],local_obstruction
48.96.2-48.o.1.11,,48,96,2,0,False,True,1,[],local_obstruction
48.96.2-48.o.1.12,,48,96,2,0,False,True,1,[],local_obstruction
48.96.2-48.o.1.13,,48,96,2,0,False,True,1,[],local_obstruction
48.96.2-48.o.1.14,,48,96,2,0,False,True,1,[],local_obstruction
48.96.2-48.o.1.15,,48,96,2,0,False,True,1,[],local_obstruction
48.96.2-48.o.1.16,,48,96,2,0,False,True,1,[],local_obstruction
48.96.2-48.o.1.2,,48,96,2,0,False,True,1,[],local_obstruction
48.96.2-48.o.1.3,,48,96,2,0,False,True,1,[],local_obstruction
48.96.2-48.o.1.4,,48,96,2,0,False,True,1,[],local_obstruction
48.96.2-48.o.1.5,,48,96,2,0,False,True,1,[],local_obstruction
48.96.2-48.o.1.6,,48,96,2,0,False,True,1,[],local_obstruction
48.96.2-48.o.1.7,,48,96,2,0,False,True,1,[],local_obstruction
48.96.2-48.o.1.8,,48,96,2,0,False,True,1,[],local_obstruction
48.96.2-48.o.1.9,,48,96,2,0,False,True,1,[],local_obstruction
50.90.2.a.1,X0(50),50,90,2,0,False,False,-1,[],named_family
52.168.2-13.a.1.1,,52,168,2,0,True,True,1,[],local_obstruction
52.168.2-13.a.1.2,,52,168,2,0,True,True,1,[],local_obstruction
52.168.2-13.a.1.3,,52,168,2,0,True,True,1,[],local_obstruction
52.168.2-13.a.1.4,,52,168,2,0,True,True,1,[],local_obstruction
52.168.2-13.a.2.1,,52,168,2,0,True,True,1,[],local_obstruction
52.168.2-13.a.2.2,,52,168,2,0,True,True,1,[],local_obstruction
52.168.2-13.a.2.3,,52,168,2,0,True,True,1,[],local_obstruction
52.168.2-13.a.2.4,,52,168,2,0,True,True,1,[],local_obstruction
52.168.2-13.c.1.1,,52,168,2,0,True,True,1,[],local_obstruction
52.168.2-13.c.1.2,,52,168,2,0,True,True,1,[],local_obstruction
52.168.2-13.c.1.3,,52,168,2,0,True,True,1,[],local_obstruction
52.168.2-13.c.1.4,,52,168,2,0,True,True,1,[],local_obstruction
52.168.2-13.c.2.1,,52,168,2,0,True,True,1,[],local_obstruction
52.168.2-13.c.2.2,,52,168,2,0,True,True,1,[],local_obstruction
52.168.2-13.c.2.3,,52,168,2,0,True,True,1,[],local_obstruction
52.168.2-13.c.2.4,,52,168,2,0,True,True,1,[],local_obstruction
52.84.2.a.1,,52,84,2,0,True,True,1,[0],local_obstruction
52.84.2.a.2,,52,84,2,0,True,True,1,[0],local_obstruction
52.84.2.b.1,,52,84,2,0,True,True,1,[0],local_obstruction
52.84.2.b.2,,52,84,2,0,True,True,1,[0],local_obstruction
52.84.2.c.1,,52,84,2,0,True,True,1,[0],local_obstruction
52.84.2.c.2,,52,84,2,0,True,True,1,[0],local_obstruction
56.48.2.q.1,,56,48,2,0,False,True,1,[5],local_obstruction
56.96.2-14.d.1.1,,56,96,2,0,False,True,1,[],local_obstruction
56.96.2-14.d.1.2,,56,96,2,0,False,True,1,[],local_obstruction
56.96.2-14.d.1.3,,56,96,2,0,False,True,1,[],local_obstruction
56.96.2-14.d.1.4,,56,96,2,0,False,True,1,[],local_obstruction
56.96.2-14.d.1.5,,56,96,2,0,False,True,1,[],local_obstruction
56.96.2-14.d.1.6,,56,96,2,0,False,True,1,[],local_obstruction
56.96.2-28.e.1.1,,56,96,2,0,False,True,1,[],local_obstruction
56.96.2-28.e.1.2,,56,96,2,0,False,True,1,[],local_obstruction
56.96.2-28.e.1.3,,56,96,2,0,False,True,1,[],local_obstruction
56.96.2-28.e.1.4,,56,96,2,0,False,True,1,[],local_obstruction
56.96.2-28.e.1.5,,56,96,2,0,False,True,1,[],local_obstruction
56.96.2-28.e.1.6,,56,96,2,0,False,True,1,[],local_obstruction
56.96.2-56.q.1.1,,56,96,2,0,False,True,1,[],local_obstruction
56.96.2-56.q.1.2,,56,96,2,0,False,True,1,[],local_obstruction
56.96.2-56.q.1.3,,56,96,2,0,False,True,1,[],local_obstruction
56.96.2-56.q.1.4,,56,96,2,0,False,True,1,[],local_obstruction
56.96.2-56.q.1.5,,56,96,2,0,False,True,1,[],local_obstruction
56.96.2-56.q.1.6,,56,96,2,0,False,True,1,[],local_obstruction
56.96.2-56.q.1.7,,56,96,2,0,False,True,1,[],local_obstruction
56.96.2-56.q.1.8,,56,96,2,0,False,True,1,[],local_obstruction
60.24.2.a.1,,60,24,2,0,False,True,1,[0],local_obstruction
60.24.2.d.1,,60,24,2,0,False,True,1,[0],local_obstruction
60.36.2.bd.1,,60,36,2,0,False,True,1,[0],local_obstruction
60.36.2.bg.1,,60,36,2,0,False,True,1,[0],local_obstruction
60.36.2.bj.1,,60,36,2,0,False,True,1,[7],local_obstruction
60.36.2.bk.1,,60,36,2,0,False,True,1,[7],local_obstruction
60.36.2.bn.1,,60,36,2,0,False,True,1,[0],local_obstruction
60.36.2.bo.1,,60,36,2,0,False,True,1,[0],local_obstruction
60.36.2.bu.1,,60,36,2,0,False,True,1,[0],local_obstruction
60.36.2.bw.1,,60,36,2,0,False,True,1,[0],local_obstruction
60.36.2.cd.1,,60,36,2,0,False,True,1,[0],local_obstruction
60.36.2.ce.1,,60,36,2,0,False,True,1,[0],local_obstruction
60.36.2.ch.1,,60,36,2,0,False,True,1,[7],local_obstruction
60.36.2.cj.1,,60,36,2,0,False,True,1,[7],local_obstruction
60.36.2.ck.1,,60,36,2,0,False,True,1,[0],local_obstruction
60.36.2.co.1,,60,36,2,0,False,True,1,[0],local_obstruction
60.36.2.cq.1,,60,36,2,0,False,True,1,[0],local_obstruction
60.36.2.cu.1,,60,36,2,0,False,True,1,[0],local_obstruction
60.36.2.da.1,,60,36,2,0,False,True,1,[0],local_obstruction
60.36.2.df.1,,60,36,2,0,False,True,1,[0],local_obstruction
60.36.2.dh.1,,60,36,2,0,False,True,1,[0],local_obstruction
60.36.2.dn.1,,60,36,2,0,False,True,1,[0],local_obstruction
60.36.2.dt.1,,60,36,2,0,False,True,1,[0],local_obstruction
60.36.2.dx.1,,60,36,2,0,False,True,1,[0],local_obstruction
60.36.2.dy.1,,60,36,2,0,False,True,1,[0],local_obstruction
60.36.2.ed.1,,60,36,2,0,False,True,1,[0],local_obstruction
60.36.2.ei.1,,60,36,2,0,False,True,1,[0],local_obstruction
60.36.2.em.1,,60,36,2,0,False,True,1,[0],local_obstruction
60.36.2.ep.1,,60,36,2,0,False,True,1,[0],local_obstruction
60.36.2.es.1,,60,36,2,0,False,True,1,[0],local_obstruction
60.36.2.ez.1,,60,36,2,0,False,True,1,[0],local_obstruction
60.36.2.fa.1,,60,36,2,0,False,True,1,[7],local_obstruction
60.36.2.fd.1,,60,36,2,0,False,True,1,[0],local_obstruction
60.36.2.ff.1,,60,36,2,0,False,True,1,[7],local_obstruction
60.36.2.fg.1,,60,36,2,0,False,True,1,[0],local_obstruction
60.36.2.fi.1,,60,36,2,0,False,True,1,[7],local_obstruction
60.36.2.fj.1,,60,36,2,0,False,True,1,[0],local_obstruction
60.36.2.fm.1,,60,36,2,0,False,True,1,"[0, 7]",local_obstruction
60.36.2.fs.1,,60,36,2,0,True,True,1,[0],local_obstruction
60.36.2.fs.2,,60,36,2,0,True,True,1,[0],local_obstruction
60.36.2.i.1,,60,36,2,0,False,True,1,[0],local_obstruction
60.36.2.k.1,,60,36,2,0,False,True,1,[0],local_obstruction
60.36.2.m.1,,60,36,2,0,False,True,1,[0],local_obstruction
60.36.2.o.1,,60,36,2,0,False,True,1,"[0, 7]",local_obstruction
60.36.2.p.1,,60,36,2,0,False,True,1,[7],local_obstruction
60.36.2.q.1,,60,36,2,0,False,True,1,[7],local_obstruction
60.36.2.r.1,,60,36,2,0,False,True,1,[0],local_obstruction
60.36.2.u.1,,60,36,2,0,False,True,1,"[0, 7]",local_obstruction
60.36.2.y.1,,60,36,2,0,False,True,1,[0],local_obstruction
60.48.2-12.a.1.1,,60,48,2,0,False,True,1,[],local_obstruction
60.48.2-12.a.1.2,,60,48,2,0,False,True,1,[],local_obstruction
60.48.2-12.a.1.3,,60,48,2,0,False,True,1,[],local_obstruction
60.48.2-12.a.1.4,,60,48,2,0,False,True,1,[],local_obstruction
60.60.2.a.1,,60,60,2,0,False,True,1,[0],local_obstruction
60.72.2-12.i.1.1,,60,72,2,0,False,True,1,[],local_obstruction
60.72.2-12.i.1.2,,60,72,2,0,False,True,1,[],local_obstruction
60.72.2-12.i.1.3,,60,72,2,0,False,True,1,[],local_obstruction
60.72.2-12.i.1.4,,60,72,2,0,False,True,1,[],local_obstruction
60.72.2-12.j.1.1,,60,72,2,0,False,True,1,[],local_obstruction
60.72.2-12.j.1.2,,60,72,2,0,False,True,1,[],local_obstruction
60.72.2-12.j.1.3,,60,72,2,0,False,True,1,[],local_obstruction
60.72.2-12.j.1.4,,60,72,2,0,False,True,1,[],local_obstruction
60.72.2-12.k.1.1,,60,72,2,0,False,True,1,[],local_obstruction
60.72.2-12.k.1.2,,60,72,2,0,False,True,1,[],local_obstruction
60.72.2-12.k.1.3,,60,72,2,0,False,True,1,[],local_obstruction
60.72.2-12.k.1.4,,60,72,2,0,False,True,1,[],local_obstruction
60.72.2-12.m.1.1,,60,72,2,0,False,True,1,[],local_obstruction
60.72.2-12.m.1.2,,60,72,2,0,False,True,1,[],local_obstruction
60.72.2-12.m.1.3,,60,72,2,0,False,True,1,[],local_obstruction
60.72.2-12.m.1.4,,60,72,2,0,False,True,1,[],local_obstruction
60.72.2-12.o.1.1,,60,72,2,0,False,True,1,[],local_obstruction
60.72.2-12.o.1.2,,60,72,2,0,False,True,1,[],local_obstruction
60.72.2-12.o.1.3,,60,72,2,0,False,True,1,[],local_obstruction
60.72.2-12.o.1.4,,60,72,2,0,False,True,1,[],local_obstruction
60.72.2-60.fi.1.1,,60,72,2,0,False,True,1,[],local_obstruction
60.72.2-60.fi.1.2,,60,72,2,0,False,True,1,[],local_obstruction
60.72.2-60.fi.1.3,,60,72,2,0,False,True,1,[],local_obstruction
60.72.2-60.fi.1.4,,60,72,2,0,False,True,1,[],local_obstruction
60.72.2-60.fi.1.5,,60,72,2,0,False,True,1,[],local_obstruction
60.72.2-60.fi.1.6,,60,72,2,0,False,True,1,[],local_obstruction
60.72.2-60.fi.1.7,,60,72,2,0,False,True,1,[],local_obstruction
60.72.2-60.fi.1.8,,60,72,2,0,False,True,1,[],local_obstruction
60.72.2-60.i.1.1,,60,72,2,0,False,True,1,[],local_obstruction
60.72.2-60.i.1.2,,60,72,2,0,False,True,1,[],local_obstruction
60.72.2-60.i.1.3,,60,72,2,0,False,True,1,[],local_obstruction
60.72.2-60.i.1.4,,60,72,2,0,False,True,1,[],local_obstruction
60.72.2-60.i.1.5,,60,72,2,0,False,True,1,[],local_obstruction
60.72.2-60.i.1.6,,60,72,2,0,False,True,1,[],local_obstruction
60.72.2-60.i.1.7,,60,72,2,0,False,True,1,[],local_obstruction
60.72.2-60.i.1.8,,60,72,2,0,False,True,1,[],local_obstruction
60.72.2-60.k.1.1,,60,72,2,0,False,True,1,[],local_obstruction
60.72.2-60.k.1.2,,60,72,2,0,False,True,1,[],local_obstruction
60.72.2-60.k.1.3,,60,72,2,0,False,True,1,[],local_obstruction
60.72.2-60.k.1.4,,60,72,2,0,False,True,1,[],local_obstruction
60.72.2-60.k.1.5,,60,72,2,0,False,True,1,[],local_obstruction
60.72.2-60.k.1.6,,60,72,2,0,False,True,1,[],local_obstruction
60.72.2-60.k.1.7,,60,72,2,0,False,True,1,[],local_obstruction
60.72.2-60.k.1.8,,60,72,2,0,False,True,1,[],local_obstruction
60.72.2-60.m.1.1,,60,72,2,0,False,True,1,[],local_obstruction
60.72.2-60.m.1.2,,60,72,2,0,False,True,1,[],local_obstruction
60.72.2-60.m.1.3,,60,72,2,0,False,True,1,[],local_obstruction
60.72.2-60.m.1.4,,60,72,2,0,False,True,1,[],local_obstruction
60.72.2-60.m.1.5,,60,72,2,0,False,True,1,[],local_obstruction
60.72.2-60.m.1.6,,60,72,2,0,False,True,1,[],local_obstruction
60.72.2-60.m.1.7,,60,72,2,0,False,True,1,[],local_obstruction
60.72.2-60.m.1.8,,60,72,2,0,False,True,1,[],local_obstruction
60.72.2-60.o.1.1,,60,72,2,0,False,True,1,[],local_obstruction
60.72.2-60.o.1.2,,60,72,2,0,False,True,1,[],local_obstruction
60.72.2-60.o.1.3,,60,72,2,0,False,True,1,[],local_obstruction
60.72.2-60.o.1.4,,60,72,2,0,False,True,1,[],local_obstruction
60.72.2-60.o.1.5,,60,72,2,0,False,True,1,[],local_obstruction
60.72.2-60.o.1.6,,60,72,2,0,False,True,1,[],local_obstruction
60.72.2-60.o.1.7,,60,72,2,0,False,True,1,[],local_obstruction
60.72.2-60.o.1.8,,60,72,2,0,False,True,1,[],local_obstruction
60.72.2-60.p.1.1,,60,72,2,0,False,True,1,[],local_obstruction
60.72.2-60.p.1.2,,60,72,2,0,False,True,1,[],local_obstruction
60.72.2-60.p.1.3,,60,72,2,0,False,True,1,[],local_obstruction
60.72.2-60.p.1.4,,60,72,2,0,False,True,1,[],local_obstruction
60.72.2-60.p.1.5,,60,72,2,0,False,True,1,[],local_obstruction
60.72.2-60.p.1.6,,60,72,2,0,False,True,1,[],local_obstruction
60.72.2-60.p.1.7,,60,72,2,0,False,True,1,[],local_obstruction
60.72.2-60.p.1.8,,60,72,2,0,False,True,1,[],local_obstruction
60.72.2.m.1,,60,72,2,0,False,True,1,[0],local_obstruction
60.72.2.p.1,,60,72,2,0,False,True,1,[0],local_obstruction
60.72.2.v.1,,60,72,2,0,False,True,1,[0],local_obstruction
60.72.2.w.1,,60,72,2,0,False,True,1,[0],local_obstruction
65.168.2-13.a.1.1,,65,168,2,0,True,True,1,[],local_obstruction
65.168.2-13.a.1.2,,65,168,2,0,True,True,1,[],local_obstruction
65.168.2-13.a.2.1,,65,168,2,0,True,True,1,[],local_obstruction
65.168.2-13.a.2.2,,65,168,2,0,True,True,1,[],local_obstruction
65.168.2-13.c.1.1,,65,168,2,0,True,True,1,[],local_obstruction
65.168.2-13.c.1.2,,65,168,2,0,True,True,1,[],local_obstruction
65.168.2-13.c.2.1,,65,168,2,0,True,True,1,[],local_obstruction
65.168.2-13.c.2.2,,65,168,2,0,True,True,1,[],local_obstruction
65.168.2-65.b.1.1,,65,168,2,0,True,True,1,[],local_obstruction
65.168.2-65.b.1.2,,65,168,2,0,True,True,1,[],local_obstruction
65.168.2-65.b.1.3,,65,168,2,0,True,True,1,[],local_obstruction
65.168.2-65.b.1.4,,65,168,2,0,True,True,1,[],local_obstruction
65.168.2-65.b.2.1,,65,168,2,0,True,True,1,[],local_obstruction
65.168.2-65.b.2.2,,65,168,2,0,True,True,1,[],local_obstruction
65.168.2-65.b.2.3,,65,168,2,0,True,True,1,[],local_obstruction
65.168.2-65.b.2.4,,65,168,2,0,True,True,1,[],local_obstruction
65.84.2.b.1,,65,84,2,0,True,True,1,[2],local_obstruction
65.84.2.b.2,,65,84,2,0,True,True,1,[2],local_obstruction
70.96.2-14.d.1.1,,70,96,2,0,False,True,1,[],local_obstruction
70.96.2-14.d.1.2,,70,96,2,0,False,True,1,[],local_obstruction
9.54.2.a.1,Xns(9),9,54,2,0,True,True,1,[0],local_obstruction;named_family
